account_id,invoice_id,invoice_created_time,invoice_sent_time,amount,currency
607cd637-6b7e-4ef6-afcd-cb0b46c52ab0,5b7f5747-2669-4c6e-b5ba-6da1de7552e3,2024-11-13 05:18:41,2024-11-14 02:18:41,7632,CAD
607cd637-6b7e-4ef6-afcd-cb0b46c52ab0,492715ad-3367-4ca9-92dc-e8dc18d2fb6a,2024-12-12 05:18:41,2024-12-13 08:18:41,8566,CAD
607cd637-6b7e-4ef6-afcd-cb0b46c52ab0,e57b06d3-f384-4257-b718-c2a78a6620ab,2025-01-11 05:18:41,2025-01-12 20:18:41,4836,CAD
607cd637-6b7e-4ef6-afcd-cb0b46c52ab0,eeea0d29-53f3-4755-ae8c-ba47cfc05532,2025-01-17 05:18:41,2025-01-17 15:18:41,9202,CAD
607cd637-6b7e-4ef6-afcd-cb0b46c52ab0,ec657d94-5f04-4764-88e3-90dd3fb14ea9,2025-02-10 05:18:41,2025-02-11 12:18:41,2277,CAD
5a7439c5-62be-4c2e-965d-2277748f9319,bc63d642-6b18-4cda-bdea-00d5b5a4ec6f,2024-07-02 19:48:23,2024-07-03 01:48:23,2234,CAD
5a7439c5-62be-4c2e-965d-2277748f9319,55eb7bdc-e748-46ab-ad62-f814a02b6d74,2024-07-15 19:48:23,2024-07-16 19:48:23,3497,CAD
52493410-8ed1-443c-a87d-e5de07ddb622,41d045d4-f7a5-4c8a-85d5-193557b86abd,2025-01-30 04:21:13,2025-02-01 00:21:13,4102,CAD
52493410-8ed1-443c-a87d-e5de07ddb622,abd7bf1b-4f22-459c-a425-d402e37c9080,2025-02-06 04:21:13,2025-02-07 23:21:13,7989,CAD
d085ba68-f655-4dc2-b0d6-52168f5fb4cb,571ade7f-3909-4eb3-8886-98931c495b37,2024-12-09 19:53:31,2024-12-11 04:53:31,964,AUD
d085ba68-f655-4dc2-b0d6-52168f5fb4cb,01737c30-f439-4ed6-80b0-6c6e817e799f,2024-12-21 19:53:31,2024-12-22 03:53:31,1116,AUD
d085ba68-f655-4dc2-b0d6-52168f5fb4cb,1cf7358d-9182-4da1-a736-b3db8a53e89f,2025-01-08 19:53:31,2025-01-08 22:53:31,9664,AUD
3784c74a-4169-433b-955b-1a31bedd0dec,c64e58d3-5460-458b-9069-3cf93aca64bc,2024-11-22 16:46:30,2024-11-23 19:46:30,9780,USD
3784c74a-4169-433b-955b-1a31bedd0dec,872134a9-07f9-4901-823f-6d8d6cf85ff4,2024-12-13 16:46:30,2024-12-14 00:46:30,7306,USD
97320da9-a98c-4bf0-80bc-8d9effdf52e3,9adfa542-36eb-428c-a03e-5ce57558265d,2024-10-05 11:34:37,2024-10-05 20:34:37,8846,GBP
97320da9-a98c-4bf0-80bc-8d9effdf52e3,a5349b86-99c8-4438-88e9-a690e47417e2,2024-10-07 11:34:37,2024-10-08 17:34:37,7021,GBP
97320da9-a98c-4bf0-80bc-8d9effdf52e3,ff9af434-dfe0-4df6-a51f-43db981082cd,2024-10-19 11:34:37,2024-10-20 11:34:37,9132,GBP
97320da9-a98c-4bf0-80bc-8d9effdf52e3,4126ee23-0ebb-488a-aedf-fb5a1a6c99f0,2024-11-18 11:34:37,2024-11-19 14:34:37,6905,GBP
97320da9-a98c-4bf0-80bc-8d9effdf52e3,104b3dd6-40ad-4481-8502-ee43a42b962b,2024-12-15 11:34:37,2024-12-16 06:34:37,1413,GBP
281bda77-b6aa-49d3-8cdc-5452ffce3e61,7aee3d36-bfda-48a9-b714-08ccc8bdaef9,2024-12-11 00:11:53,2024-12-12 08:11:53,624,USD
281bda77-b6aa-49d3-8cdc-5452ffce3e61,e5667d85-0cc1-4f39-9463-3a7a611b20d6,2025-01-07 00:11:53,2025-01-07 18:11:53,6664,USD
281bda77-b6aa-49d3-8cdc-5452ffce3e61,03380cb8-4b7a-483d-baa6-71a125751b71,2025-02-06 00:11:53,2025-02-07 15:11:53,5746,USD
281bda77-b6aa-49d3-8cdc-5452ffce3e61,5aaf7b03-f8ac-41dd-96f2-a8391382636e,2025-02-07 00:11:53,2025-02-07 21:11:53,6431,USD
3a2465a5-efe1-477b-a321-d9f1db74d2cf,b86970e9-615c-4ac8-8e77-2a4f9aa410dc,2025-01-02 22:06:11,2025-01-03 10:06:11,4018,GBP
3a2465a5-efe1-477b-a321-d9f1db74d2cf,16410a15-018a-4c78-8619-87c28c7ba3df,2025-01-21 22:06:11,2025-01-22 15:06:11,7943,GBP
3a2465a5-efe1-477b-a321-d9f1db74d2cf,62568261-7bad-4932-8c4a-79bed10d697f,2025-01-23 22:06:11,2025-01-25 19:06:11,1063,GBP
3a2465a5-efe1-477b-a321-d9f1db74d2cf,5eb8939d-f2d8-49d8-ac54-33f14384b0fe,2025-02-19 22:06:11,2025-02-20 07:06:11,9071,GBP
3a2465a5-efe1-477b-a321-d9f1db74d2cf,faec4e7d-ea7c-4984-861b-688acfde08d3,2025-02-27 22:06:11,2025-02-28 03:06:11,6925,GBP
32b75f97-34ca-41b6-abb7-37fd8b6cc2e1,e15c2ae3-11b6-4795-8567-b1d50081825a,2024-10-13 11:51:19,2024-10-13 15:51:19,5241,USD
995011a6-0f3a-49b3-a511-296a19e86f9f,1c5a971f-1681-42d3-931c-54a6d0140ce9,2025-01-04 13:54:50,2025-01-05 06:54:50,418,GBP
995011a6-0f3a-49b3-a511-296a19e86f9f,3c80c32e-4dbe-41dc-b694-3827b4f1f745,2025-01-25 13:54:50,2025-01-25 17:54:50,6376,GBP
995011a6-0f3a-49b3-a511-296a19e86f9f,d8e62c20-a314-42e6-8ed7-dc209b22e3bf,2025-02-16 13:54:50,2025-02-16 20:54:50,7977,GBP
995011a6-0f3a-49b3-a511-296a19e86f9f,09ed6c1d-43e2-424e-8b74-640a3a1bcb09,2025-03-03 13:54:50,2025-03-05 01:54:50,3749,GBP
a30c9d71-5482-4be4-8d00-d293ecaf6431,44bbf4e4-54cb-4089-9251-30142639d4f8,2024-05-05 10:03:48,2024-05-05 12:03:48,5818,AUD
a30c9d71-5482-4be4-8d00-d293ecaf6431,6871c227-d086-410b-9b47-7184e2ac4215,2024-05-28 10:03:48,2024-05-29 16:03:48,197,AUD
0229253a-642f-433e-8c0b-f67fb905b165,8e4fd390-903c-40ac-b1f6-7a970a3a69ea,2024-06-22 09:20:19,2024-06-23 20:20:19,7497,CAD
0229253a-642f-433e-8c0b-f67fb905b165,ea2fc49f-7b58-4051-b8a7-606165cf08a0,2024-07-07 09:20:19,2024-07-07 13:20:19,740,CAD
d5679769-c49f-43af-83a4-d8ac90b63cb0,7f29f24c-8142-4b5f-a8e4-3bd59382c04c,2025-02-02 16:08:56,2025-02-04 02:08:56,2395,USD
d5679769-c49f-43af-83a4-d8ac90b63cb0,35cfb13c-ba47-4e7a-9918-c3ba79dea577,2025-02-17 16:08:56,2025-02-18 04:08:56,6519,USD
d5679769-c49f-43af-83a4-d8ac90b63cb0,aa7ca3ca-c896-4e61-91a7-fd1a910324ae,2025-02-18 16:08:56,2025-02-20 07:08:56,3451,USD
d5679769-c49f-43af-83a4-d8ac90b63cb0,81e438c3-d8e6-4a6b-8a33-d3b625c89e11,2025-03-15 16:08:56,2025-03-17 11:08:56,1640,USD
408f1b39-0805-4e6a-a1fb-035f9f541493,6aec6786-41d1-4a18-a23d-a4e279aa6ebc,2024-11-17 11:51:55,2024-11-19 06:51:55,8429,GBP
408f1b39-0805-4e6a-a1fb-035f9f541493,2ef65d39-d041-4af0-8caa-4f242cc56ad3,2024-12-14 11:51:55,2024-12-15 10:51:55,1118,GBP
3a1ebd38-801b-4b96-a9ff-41d69ad3e63a,5e5cd856-998a-4ace-b665-b1dd00002b21,2024-12-21 16:53:39,2024-12-22 16:53:39,4080,CAD
3a1ebd38-801b-4b96-a9ff-41d69ad3e63a,46f64cc3-2b0a-4d40-82c3-6d10b1958ba5,2024-12-27 16:53:39,2024-12-28 17:53:39,5423,CAD
3a1ebd38-801b-4b96-a9ff-41d69ad3e63a,4558666f-f8ed-46ed-ad75-3bde2b0c06d7,2024-12-30 16:53:39,2025-01-01 09:53:39,7730,CAD
3a1ebd38-801b-4b96-a9ff-41d69ad3e63a,86096c88-452e-429d-b368-618ac007d95c,2025-01-17 16:53:39,2025-01-17 20:53:39,8101,CAD
93f16e6e-c503-4b90-83de-06b96a5cfec7,9d85d6ad-6794-47c2-bd43-fbc794b41865,2024-08-16 08:15:06,2024-08-17 02:15:06,7171,USD
93f16e6e-c503-4b90-83de-06b96a5cfec7,398761ac-48ce-4d33-a20c-315e46ca7bcd,2024-08-25 08:15:06,2024-08-26 16:15:06,6564,USD
c18da95d-bb11-49b7-960a-6f70793a2216,9205a679-b747-4b0e-92b5-535e2875b057,2024-12-13 15:51:03,2024-12-14 04:51:03,8029,GBP
c18da95d-bb11-49b7-960a-6f70793a2216,3d5e40dd-dcc7-40be-8f6b-0991ebf595a8,2024-12-28 15:51:03,2024-12-29 20:51:03,1412,GBP
c18da95d-bb11-49b7-960a-6f70793a2216,a99dfd68-7bdf-4bb4-a274-e7169973fcdc,2025-01-05 15:51:03,2025-01-05 20:51:03,2540,GBP
c18da95d-bb11-49b7-960a-6f70793a2216,4f434991-1503-4fae-a24e-4ebd64128fa3,2025-01-27 15:51:03,2025-01-27 18:51:03,510,GBP
2a21293a-5a66-46ea-af40-65c0ef0c282d,6706bb28-1d1a-4751-85b1-3f2e350feb04,2024-12-12 17:12:04,2024-12-13 17:12:04,731,USD
2a21293a-5a66-46ea-af40-65c0ef0c282d,68f00848-7bf4-45b8-b5af-1dba735b1c9b,2024-12-31 17:12:04,2025-01-02 07:12:04,4407,USD
2a21293a-5a66-46ea-af40-65c0ef0c282d,f93fd6d9-0cbc-4fe5-adef-380372a2e8b6,2025-01-13 17:12:04,2025-01-15 16:12:04,8974,USD
2a21293a-5a66-46ea-af40-65c0ef0c282d,68cefc0a-6539-470f-a40e-01802d19c384,2025-01-27 17:12:04,2025-01-29 07:12:04,1964,USD
2a21293a-5a66-46ea-af40-65c0ef0c282d,e42961f9-0c6f-4323-b0c8-667b5fc51e17,2025-02-24 17:12:04,2025-02-25 08:12:04,6695,USD
e76e996b-0dc0-4775-8984-24de50f783c4,811a422e-2b52-4595-8f6b-b60630ad7893,2024-04-07 01:37:17,2024-04-08 09:37:17,6035,USD
e76e996b-0dc0-4775-8984-24de50f783c4,0d74234d-abe2-4b5c-8f9a-051d32c2a305,2024-04-24 01:37:17,2024-04-24 12:37:17,4346,USD
e76e996b-0dc0-4775-8984-24de50f783c4,36e12bdd-aaf2-49a2-bb72-e80cb2a3a910,2024-05-21 01:37:17,2024-05-22 03:37:17,9723,USD
e76e996b-0dc0-4775-8984-24de50f783c4,29e7cf61-af43-4ac3-882a-5791ebdf58c1,2024-05-27 01:37:17,2024-05-28 06:37:17,3446,USD
cba613e2-7b29-4f8b-b134-8ac10c380419,52e36be6-0e39-41bf-a605-9fb06b3217c1,2025-02-05 02:46:08,2025-02-06 20:46:08,8988,CAD
5da56f69-8a3b-470b-abb7-a7a2f7f84e01,6d6d23a7-7dc9-46fc-8178-65306afa7600,2024-07-08 23:54:55,2024-07-09 19:54:55,3749,GBP
5da56f69-8a3b-470b-abb7-a7a2f7f84e01,feba9468-ea75-47c2-a6a7-ad505a90d464,2024-08-04 23:54:55,2024-08-05 04:54:55,7619,GBP
efb560cb-75e0-40c9-a713-01a8d31e5a6f,ccd228cd-d896-4fc4-9d4f-1e33a5399d1b,2025-01-22 22:38:34,2025-01-23 21:38:34,5979,CAD
efb560cb-75e0-40c9-a713-01a8d31e5a6f,f89183b1-77d4-4b5c-8d11-1f0c9f53a774,2025-02-02 22:38:34,2025-02-04 16:38:34,1815,CAD
efb560cb-75e0-40c9-a713-01a8d31e5a6f,ba1e4fc2-5909-4899-9191-0e8657742a80,2025-03-01 22:38:34,2025-03-02 18:38:34,1445,CAD
efb560cb-75e0-40c9-a713-01a8d31e5a6f,7cbd8fa2-cfd8-43ec-b011-1f348b80d272,2025-03-06 22:38:34,2025-03-07 04:38:34,9219,CAD
efb560cb-75e0-40c9-a713-01a8d31e5a6f,dec00806-8208-4daa-a67c-cec053c96d51,2025-03-15 22:38:34,2025-03-17 01:38:34,8354,CAD
5bfb3235-1639-4cd7-a41e-9cb4c1c55452,9882b51a-058d-4e1e-a403-d8d63d4c9e3d,2025-01-22 09:17:31,2025-01-22 22:17:31,1157,CAD
18cd1347-eee0-4b56-bc5d-93a3800157ef,72bb1769-5ba9-472f-81f8-5dcc88ade540,2024-04-19 08:26:11,2024-04-19 12:26:11,9685,USD
18cd1347-eee0-4b56-bc5d-93a3800157ef,08963603-d224-4839-a7e1-e490370a1998,2024-05-06 08:26:11,2024-05-06 16:26:11,2923,USD
e087619e-20e3-4f68-8cad-ab982ea77d21,472d82a0-d3c9-4d05-b155-9f627958a26c,2024-09-18 18:06:40,2024-09-19 05:06:40,6324,AUD
e087619e-20e3-4f68-8cad-ab982ea77d21,4f708c23-78ed-49c5-b5d7-805fb6fd121b,2024-09-24 18:06:40,2024-09-26 04:06:40,6762,AUD
e087619e-20e3-4f68-8cad-ab982ea77d21,8fd2c886-445b-4233-8cdc-ad881dd99246,2024-10-06 18:06:40,2024-10-08 09:06:40,7954,AUD
e087619e-20e3-4f68-8cad-ab982ea77d21,a4a1a129-623b-4649-ae90-6f229bcfffd0,2024-10-20 18:06:40,2024-10-22 01:06:40,1471,AUD
e087619e-20e3-4f68-8cad-ab982ea77d21,afe00492-3388-41ab-abbb-a5dc80801872,2024-11-07 18:06:40,2024-11-09 00:06:40,2513,AUD
9297f90b-d1ab-4b7b-a54a-45c9816ae776,07bcaaa0-e422-4c11-bc6f-c17e2eebe387,2024-12-20 21:19:57,2024-12-22 13:19:57,3997,GBP
9297f90b-d1ab-4b7b-a54a-45c9816ae776,070c57d3-f888-495b-8d7e-96f4ccf1f126,2025-01-17 21:19:57,2025-01-19 15:19:57,2136,GBP
c9b74a93-735b-417c-91d5-7329b997250c,7d7dae4a-645c-4e3f-9307-2b6b53a930ec,2024-11-26 20:56:39,2024-11-27 18:56:39,1319,GBP
c9b74a93-735b-417c-91d5-7329b997250c,d434509b-0f82-4a23-bb76-f2ab15e1be33,2024-11-30 20:56:39,2024-12-01 02:56:39,7563,GBP
c9b74a93-735b-417c-91d5-7329b997250c,db5b454c-c080-42ca-aa4f-122649ce732d,2024-12-15 20:56:39,2024-12-17 15:56:39,3153,GBP
c9b74a93-735b-417c-91d5-7329b997250c,f7d0cf10-a016-42f2-a721-d0fc7198591f,2025-01-06 20:56:39,2025-01-07 02:56:39,3747,GBP
e48a810b-076b-4d50-ba3a-847474e5498c,27a90dbd-04c6-430d-9ea3-ab0f152fcfeb,2024-07-28 14:04:42,2024-07-30 11:04:42,1282,CAD
e48a810b-076b-4d50-ba3a-847474e5498c,c8c43eed-d892-4a81-966e-e9d701899e32,2024-08-20 14:04:42,2024-08-21 23:04:42,401,CAD
e48a810b-076b-4d50-ba3a-847474e5498c,cbab2f4d-0e7b-4b96-a2e8-5395e69f60b6,2024-09-03 14:04:42,2024-09-04 09:04:42,3064,CAD
5cbc2384-9782-4978-8451-8f7d7ebec4f7,12fcbab6-3b14-466a-9ce8-6352a2fbd043,2025-02-03 08:48:39,2025-02-04 07:48:39,6080,GBP
5cbc2384-9782-4978-8451-8f7d7ebec4f7,40ffc549-cf6a-4c46-80ed-ca5155f8545c,2025-02-10 08:48:39,2025-02-10 22:48:39,4938,GBP
5cbc2384-9782-4978-8451-8f7d7ebec4f7,0b191aca-8dfd-4f9e-bf29-898c525c1765,2025-03-10 08:48:39,2025-03-12 04:48:39,6377,GBP
5cbc2384-9782-4978-8451-8f7d7ebec4f7,9eed5e80-19cd-4051-9b50-34d1e927f5ef,2025-04-08 08:48:39,2025-04-09 21:48:39,5071,GBP
a23aef17-e9f9-4d87-b356-c7c6e7751e74,5b682524-7640-4432-b5a4-d2c818aae595,2024-10-05 06:13:56,2024-10-06 17:13:56,4041,AUD
a23aef17-e9f9-4d87-b356-c7c6e7751e74,3b4f2724-3808-48df-8614-9bc1445c9b6d,2024-10-23 06:13:56,2024-10-24 22:13:56,8456,AUD
3a74cb3d-ccaf-475e-8fe5-511f4257d9ce,2b2782e6-f853-4e83-b8d1-00ca5ab583ce,2024-04-12 21:29:21,2024-04-13 23:29:21,644,AUD
d91e983f-9235-449a-abd5-235345c25b3d,96f32a73-5e6d-4e35-9069-25572e88e483,2024-03-18 02:53:59,2024-03-18 07:53:59,7126,AUD
d91e983f-9235-449a-abd5-235345c25b3d,83fa0de3-8ea6-41e6-89ab-4a0dcb04b451,2024-03-20 02:53:59,2024-03-21 19:53:59,1660,AUD
d91e983f-9235-449a-abd5-235345c25b3d,85cb687b-71eb-4488-a46f-fadbb8eab632,2024-04-17 02:53:59,2024-04-18 12:53:59,2562,AUD
03f6e516-8073-4f1e-a679-df1c650822c4,96eb5420-1354-4cde-985f-db6e4143c083,2024-04-12 12:35:29,2024-04-13 01:35:29,2579,GBP
9bffb94b-945a-4abe-bcfe-dcb632a0cbb9,8f8591b4-3ce1-4908-be85-d78f299b4f2d,2025-02-09 08:27:32,2025-02-10 12:27:32,8945,AUD
9bffb94b-945a-4abe-bcfe-dcb632a0cbb9,3e7de7c7-7b8e-4cf0-bafa-c1f4ec4e8e0f,2025-03-06 08:27:32,2025-03-07 09:27:32,3655,AUD
9bffb94b-945a-4abe-bcfe-dcb632a0cbb9,f11a795d-c6fc-4750-9307-c8c73745a07e,2025-03-11 08:27:32,2025-03-12 05:27:32,9166,AUD
9bffb94b-945a-4abe-bcfe-dcb632a0cbb9,9004ce10-d00f-406f-9d82-ecdfd9dcfcfd,2025-03-29 08:27:32,2025-03-29 19:27:32,5489,AUD
6443f0c8-0d9f-4419-88d5-eae29e33b52b,43f79701-b71c-4770-ba13-bc8460f0f607,2024-12-27 14:39:50,2024-12-28 06:39:50,7667,USD
6443f0c8-0d9f-4419-88d5-eae29e33b52b,c628ade6-a1e9-4a3e-8490-e114daa47c63,2025-01-02 14:39:50,2025-01-03 19:39:50,5382,USD
6443f0c8-0d9f-4419-88d5-eae29e33b52b,dae6eaa6-fb88-4889-beb0-2c0963af3de8,2025-01-07 14:39:50,2025-01-08 14:39:50,727,USD
5749dee8-8b6a-472e-a82f-ab73b0c9ebf8,98d9c430-59c8-4843-b076-2aa61629afdc,2024-06-19 11:48:55,2024-06-21 07:48:55,7300,AUD
5749dee8-8b6a-472e-a82f-ab73b0c9ebf8,04ebc468-12f2-4f23-a65a-1bc523ccc613,2024-06-27 11:48:55,2024-06-27 18:48:55,8424,AUD
065ffb9e-ce2f-49e0-b82d-bd422b298e56,f1bae320-9982-4423-914e-eb342714e573,2024-10-04 14:49:42,2024-10-05 21:49:42,7780,AUD
065ffb9e-ce2f-49e0-b82d-bd422b298e56,f2cb32a7-16e8-4bd6-97d5-c494ddfcb727,2024-10-29 14:49:42,2024-10-30 09:49:42,8874,AUD
065ffb9e-ce2f-49e0-b82d-bd422b298e56,c31f7d64-e596-4725-9c0b-d388b734556a,2024-11-01 14:49:42,2024-11-02 17:49:42,1459,AUD
065ffb9e-ce2f-49e0-b82d-bd422b298e56,84730c70-0fe0-41b3-8dfb-018f1d8fe0cd,2024-11-14 14:49:42,2024-11-16 10:49:42,2274,AUD
4b26253d-27da-4c5f-9715-ca7b177f5b0b,c2c9681f-ed62-44f8-8c01-2bfc70becd33,2024-05-04 08:35:17,2024-05-06 00:35:17,6157,CAD
4b26253d-27da-4c5f-9715-ca7b177f5b0b,c769bbe3-d3e5-4ae8-9b05-6039cf2774c2,2024-05-06 08:35:17,2024-05-07 22:35:17,833,CAD
f8172553-a9dc-4c1d-a41f-66db3e0092c2,08501c4b-101a-4190-9840-4e7ef870cb92,2024-10-19 23:43:06,2024-10-21 11:43:06,6809,USD
f8172553-a9dc-4c1d-a41f-66db3e0092c2,011af890-8d27-4456-a34b-8dfa76bbdb27,2024-11-02 23:43:06,2024-11-04 16:43:06,1350,USD
327be09a-6d3a-4cc3-8a37-96ac225eb796,a24c1293-949a-4cc5-84e3-db3ef48ecfb9,2024-06-06 15:42:04,2024-06-07 02:42:04,4074,AUD
327be09a-6d3a-4cc3-8a37-96ac225eb796,c71c8615-d978-4e03-a1c1-99354fc18a63,2024-06-20 15:42:04,2024-06-21 13:42:04,9184,AUD
327be09a-6d3a-4cc3-8a37-96ac225eb796,bf3f0a3c-1a75-4aee-a59a-f16138ea5faf,2024-06-24 15:42:04,2024-06-25 08:42:04,4572,AUD
327be09a-6d3a-4cc3-8a37-96ac225eb796,f36f0b6c-6d3e-45a8-826d-4c965534599b,2024-06-25 15:42:04,2024-06-26 18:42:04,634,AUD
327be09a-6d3a-4cc3-8a37-96ac225eb796,73dd5683-7be6-409a-af86-1b37f4ad4193,2024-07-20 15:42:04,2024-07-20 22:42:04,3133,AUD
22ee3667-d8da-4aa5-968b-8642b9ddf493,f40af33d-1304-4224-8ff9-db6c8c0379fd,2024-08-20 21:07:06,2024-08-21 12:07:06,1852,CAD
5c1fe2da-e2df-444f-908c-a64bc62892fb,e2316a96-b583-43f8-922c-370522fbcb70,2024-08-19 11:24:38,2024-08-20 18:24:38,6273,CAD
6621a099-f7ab-429c-bcc3-8615f6d0adfe,db5ecba9-a68a-4a98-844c-db537a742312,2024-07-05 03:14:01,2024-07-05 08:14:01,6255,USD
6621a099-f7ab-429c-bcc3-8615f6d0adfe,0e8c8a5b-8034-482c-a286-090c3e3cb754,2024-08-01 03:14:01,2024-08-02 09:14:01,7970,USD
6621a099-f7ab-429c-bcc3-8615f6d0adfe,4883178f-ac1d-4afc-a448-f434a45f7d42,2024-08-03 03:14:01,2024-08-03 20:14:01,1779,USD
6621a099-f7ab-429c-bcc3-8615f6d0adfe,26f09cb9-121f-46ba-9d9e-cdd5521a49a1,2024-08-23 03:14:01,2024-08-24 06:14:01,9924,USD
b48b60f0-e726-49c8-a3d2-c72137adfab1,f4b0a64b-5791-4c94-8a7b-7935292e19ec,2024-05-24 04:55:10,2024-05-24 08:55:10,8203,AUD
b48b60f0-e726-49c8-a3d2-c72137adfab1,1cb04fbe-9941-4990-be4a-68c05ad0ac42,2024-06-22 04:55:10,2024-06-22 14:55:10,3809,AUD
b48b60f0-e726-49c8-a3d2-c72137adfab1,fb75350e-bc14-4451-8d39-16d598ceae62,2024-07-18 04:55:10,2024-07-20 00:55:10,8281,AUD
e77049ce-fa64-458b-82de-13a1dd5ff5df,f093fe39-354e-4ae2-a4a4-5ba7d510b730,2024-06-08 12:15:04,2024-06-10 11:15:04,3411,GBP
e77049ce-fa64-458b-82de-13a1dd5ff5df,5b6caaf5-5241-4f05-aaba-7299776cc9ac,2024-06-23 12:15:04,2024-06-24 03:15:04,4629,GBP
e77049ce-fa64-458b-82de-13a1dd5ff5df,410aafef-e556-427d-8c7e-95e5593c11f3,2024-07-06 12:15:04,2024-07-06 21:15:04,812,GBP
452560d4-c986-42a4-adf0-c73b38a3bd3f,3f7fd549-d8cb-4b57-9489-b7d9f1a9dd51,2024-05-29 09:32:39,2024-05-29 12:32:39,5595,USD
452560d4-c986-42a4-adf0-c73b38a3bd3f,b1c987de-29db-4dc8-b968-e629c81675a9,2024-06-11 09:32:39,2024-06-13 08:32:39,9051,USD
452560d4-c986-42a4-adf0-c73b38a3bd3f,b23b026e-3ec6-49de-b4c9-244c3c33a80d,2024-07-07 09:32:39,2024-07-08 20:32:39,753,USD
452560d4-c986-42a4-adf0-c73b38a3bd3f,fb3657e4-4675-4e88-96c8-9f1c585f5588,2024-07-30 09:32:39,2024-07-31 20:32:39,3947,USD
452560d4-c986-42a4-adf0-c73b38a3bd3f,91ea21c6-3343-499d-ad56-b94c09e0d46c,2024-08-22 09:32:39,2024-08-22 20:32:39,9890,USD
a9611233-b26f-43aa-9e35-15bdd0451c08,3edc67ff-3f71-4600-aaa0-0715010fb1d4,2024-09-06 10:06:48,2024-09-06 22:06:48,5299,CAD
a9611233-b26f-43aa-9e35-15bdd0451c08,eb050482-a0e7-4929-a2fe-3910e5ce9dc5,2024-10-04 10:06:48,2024-10-04 19:06:48,6479,CAD
a9611233-b26f-43aa-9e35-15bdd0451c08,58001e16-9fef-41cd-980f-f50153520db8,2024-10-24 10:06:48,2024-10-25 22:06:48,2615,CAD
a9611233-b26f-43aa-9e35-15bdd0451c08,a4dede29-a9b9-4289-961e-62416bab015d,2024-11-15 10:06:48,2024-11-16 14:06:48,8814,CAD
dd1173fb-fcba-4431-a0da-26ba61346959,0c4c8adf-b7b4-4622-960a-d97e66fa808d,2024-11-24 12:21:01,2024-11-25 16:21:01,7572,AUD
4e655179-8371-497d-8dae-9995e0c2b45c,af7a7b01-7bcd-4ccc-acfe-61293c6cff48,2024-04-13 15:23:36,2024-04-14 19:23:36,5923,USD
4e655179-8371-497d-8dae-9995e0c2b45c,d339fbd3-05e4-4873-abdd-64203e11f520,2024-04-27 15:23:36,2024-04-28 13:23:36,8845,USD
4e655179-8371-497d-8dae-9995e0c2b45c,854daa7b-b9f9-43bd-9582-8e5d24c34f69,2024-05-03 15:23:36,2024-05-05 03:23:36,7439,USD
0ce9ffb3-1749-40eb-a1fe-7da2f646b924,be2cc39d-07b6-483b-95c8-0a203680631c,2024-09-16 19:33:26,2024-09-18 10:33:26,7724,USD
0ce9ffb3-1749-40eb-a1fe-7da2f646b924,cfc8287a-b0b7-486c-b5e9-53c0180acb88,2024-09-24 19:33:26,2024-09-26 17:33:26,4311,USD
0ce9ffb3-1749-40eb-a1fe-7da2f646b924,8390f332-928b-4fe4-9fc7-2be2a5e12d62,2024-10-22 19:33:26,2024-10-24 19:33:26,4627,USD
652442d3-bf37-4e4a-ae64-6b761b91613a,98b6a811-421e-45e8-bd41-bca15360b6e3,2024-04-12 22:59:47,2024-04-13 14:59:47,3815,CAD
652442d3-bf37-4e4a-ae64-6b761b91613a,e7932580-4599-4e09-aada-b9ab64722aa5,2024-05-08 22:59:47,2024-05-09 21:59:47,5365,CAD
652442d3-bf37-4e4a-ae64-6b761b91613a,b9a59fcf-6156-418c-93b7-b3238c1a3e5e,2024-06-02 22:59:47,2024-06-03 02:59:47,5681,CAD
652442d3-bf37-4e4a-ae64-6b761b91613a,d0ad6752-bb3a-4664-a26a-26507a03542e,2024-06-16 22:59:47,2024-06-18 10:59:47,1127,CAD
ff457587-858e-4771-9606-ef11979afe69,4ba65beb-ba29-42af-87df-778a116e76b9,2024-09-20 09:09:18,2024-09-21 05:09:18,4533,USD
ff457587-858e-4771-9606-ef11979afe69,19e85820-52ff-4078-836b-77dfcad4bb5f,2024-10-14 09:09:18,2024-10-14 17:09:18,3271,USD
c9aaa76a-8db9-4f07-88ba-53f6085b04fd,d69da671-db38-4e16-8b4c-f81cd4d0fd81,2024-12-13 20:48:00,2024-12-15 08:48:00,2265,GBP
c9aaa76a-8db9-4f07-88ba-53f6085b04fd,7f9d68ec-3e40-47c4-af09-926c19ed5a5e,2025-01-06 20:48:00,2025-01-07 16:48:00,4450,GBP
c9aaa76a-8db9-4f07-88ba-53f6085b04fd,07204636-9951-462b-87e3-66840bff1848,2025-01-13 20:48:00,2025-01-15 01:48:00,724,GBP
c9aaa76a-8db9-4f07-88ba-53f6085b04fd,291f9fb9-8d07-452b-88ac-7481248df7af,2025-01-14 20:48:00,2025-01-15 00:48:00,612,GBP
463eb3f1-6ff0-4be5-92df-7088382503c8,e42f7fab-881e-4f3c-a1fb-68521359d7f1,2024-11-29 16:16:51,2024-11-29 20:16:51,8412,USD
463eb3f1-6ff0-4be5-92df-7088382503c8,0162ea91-d491-4319-9a29-e4fa31b73585,2024-12-12 16:16:51,2024-12-14 07:16:51,8581,USD
463eb3f1-6ff0-4be5-92df-7088382503c8,2a828633-e513-4964-9f65-9dced869ea15,2024-12-20 16:16:51,2024-12-21 16:16:51,1331,USD
463eb3f1-6ff0-4be5-92df-7088382503c8,8692c652-9aed-411a-aa52-c4433f7cd0c5,2024-12-23 16:16:51,2024-12-23 23:16:51,2753,USD
463eb3f1-6ff0-4be5-92df-7088382503c8,092f69c9-5663-47f7-807a-f180fa5b73ed,2025-01-15 16:16:51,2025-01-16 07:16:51,7612,USD
9832c83e-617d-4adc-ba21-88152fcd17ce,a47514b7-324d-4031-8f60-14bbfe3c8275,2025-01-26 02:47:06,2025-01-27 08:47:06,8411,GBP
9832c83e-617d-4adc-ba21-88152fcd17ce,f293422a-9666-436d-b796-076d75ef154a,2025-02-14 02:47:06,2025-02-15 21:47:06,1108,GBP
92773c88-02a8-4af0-9d58-298c1b92c313,4b427529-47f8-40f8-9893-0080b652a006,2025-01-17 08:41:02,2025-01-18 21:41:02,4977,GBP
92773c88-02a8-4af0-9d58-298c1b92c313,77de1e9c-b02c-4703-bdb1-caf6e025b6c5,2025-02-05 08:41:02,2025-02-06 10:41:02,1072,GBP
92773c88-02a8-4af0-9d58-298c1b92c313,a3122ee9-242a-4388-9e17-b009bb550b9f,2025-02-10 08:41:02,2025-02-10 11:41:02,9574,GBP
92773c88-02a8-4af0-9d58-298c1b92c313,89e0a75f-8ecb-45db-ae79-77aa99927599,2025-03-03 08:41:02,2025-03-03 19:41:02,3989,GBP
92773c88-02a8-4af0-9d58-298c1b92c313,eb2a905c-f823-4ccb-af30-1b56e62c672e,2025-03-30 08:41:02,2025-03-31 05:41:02,9497,GBP
db2c8eeb-4a76-4f8d-abd6-5e3ad6193347,5c6465c6-643b-4cc1-baa2-cd0cb07333ed,2024-07-18 06:59:19,2024-07-19 00:59:19,5979,AUD
373a5cfd-9beb-4707-81f0-82d4723a940f,faa8a9e6-73c2-4e20-bdc9-296be898d067,2025-03-04 13:33:29,2025-03-06 07:33:29,1330,CAD
373a5cfd-9beb-4707-81f0-82d4723a940f,555f97d9-bb03-4f46-b92b-31ca9f6b5cc2,2025-03-23 13:33:29,2025-03-24 07:33:29,2738,CAD
373a5cfd-9beb-4707-81f0-82d4723a940f,57ef4b3e-d2f9-418a-aef3-7ecbebd22e26,2025-04-01 13:33:29,2025-04-02 15:33:29,6182,CAD
4f5cefdc-03eb-4e7f-ba01-e950dbfbc342,d1561a21-a1c1-4e49-815a-e09307ee90b6,2025-01-28 22:01:06,2025-01-29 08:01:06,5790,GBP
4f5cefdc-03eb-4e7f-ba01-e950dbfbc342,a6b2a8aa-19a5-4f44-ad72-6cf1f7e6be0b,2025-02-07 22:01:06,2025-02-09 20:01:06,2131,GBP
4f5cefdc-03eb-4e7f-ba01-e950dbfbc342,80275db9-0a88-446e-a3c3-28066fdbeb53,2025-02-22 22:01:06,2025-02-23 15:01:06,5046,GBP
4f5cefdc-03eb-4e7f-ba01-e950dbfbc342,d1de7d78-a408-4f93-9e72-a220d4388ae8,2025-02-27 22:01:06,2025-02-28 01:01:06,5692,GBP
3b63bc88-012d-4503-93ea-e03e715def0a,1daea4bb-f869-4bc3-83a6-c7bcb8c24a95,2024-09-29 10:20:23,2024-09-29 11:20:23,8333,CAD
3b63bc88-012d-4503-93ea-e03e715def0a,31e0b806-e0e1-4215-b465-bce6a5001354,2024-10-17 10:20:23,2024-10-18 18:20:23,7325,CAD
3b63bc88-012d-4503-93ea-e03e715def0a,debd9e0b-4c86-450f-9d95-731ccd386ce5,2024-11-07 10:20:23,2024-11-08 06:20:23,8597,CAD
3b63bc88-012d-4503-93ea-e03e715def0a,be1629a6-cf90-4ccf-a4bc-1032834b64d4,2024-11-09 10:20:23,2024-11-09 19:20:23,4220,CAD
3b63bc88-012d-4503-93ea-e03e715def0a,90418f32-aa0e-4a06-ab5e-3079ecd6a5f7,2024-11-27 10:20:23,2024-11-28 19:20:23,865,CAD
3ec70d38-096c-4e9d-9fdf-86152c7e5f14,04d788c9-7a2d-4e95-99f7-053fb72cd432,2025-01-30 19:24:22,2025-01-30 21:24:22,6599,AUD
3ec70d38-096c-4e9d-9fdf-86152c7e5f14,6d48b655-eef8-4460-8914-572d06b16b2d,2025-02-01 19:24:22,2025-02-03 15:24:22,605,AUD
4362f0da-6af6-4249-ba93-5672b1b6ab51,ba2a271e-35d2-4d52-a425-81a8e7c0f5b9,2024-06-06 22:37:19,2024-06-07 12:37:19,8895,GBP
4362f0da-6af6-4249-ba93-5672b1b6ab51,5d88d0ec-11a3-410e-932b-333ccc7cacde,2024-07-04 22:37:19,2024-07-05 07:37:19,2579,GBP
1524b9c0-f574-48ea-91a7-02cf07a42222,ca8e7b5a-dd6b-4958-a487-55aacbae4409,2024-04-10 03:06:36,2024-04-12 03:06:36,8926,AUD
1524b9c0-f574-48ea-91a7-02cf07a42222,dafb9c8d-666b-4d7b-ba28-1332498b0740,2024-04-21 03:06:36,2024-04-22 07:06:36,305,AUD
1524b9c0-f574-48ea-91a7-02cf07a42222,71d741b4-d5c2-49a5-ab5e-66eef25f600e,2024-05-19 03:06:36,2024-05-19 05:06:36,2821,AUD
175a1703-cc80-46d2-9ff5-85d7611ee709,5cd390e1-c09a-4293-a2aa-4c74f8164d4a,2024-11-01 23:50:06,2024-11-03 05:50:06,4216,GBP
175a1703-cc80-46d2-9ff5-85d7611ee709,ebc412cd-ee74-47f0-93bb-f1155dbad562,2024-11-18 23:50:06,2024-11-19 22:50:06,3414,GBP
735ec6a5-05d1-4bd9-bb20-f04b4e5eb69d,27e6563a-d7de-430d-a9a8-2f3c15b51a8d,2024-08-12 21:45:33,2024-08-13 11:45:33,9127,CAD
735ec6a5-05d1-4bd9-bb20-f04b4e5eb69d,95f4c461-77a0-4988-997f-a720022d350b,2024-09-05 21:45:33,2024-09-06 23:45:33,6971,CAD
735ec6a5-05d1-4bd9-bb20-f04b4e5eb69d,11019c86-fa0f-4588-81a4-467ca9473109,2024-09-09 21:45:33,2024-09-11 04:45:33,7826,CAD
00d39602-5b10-437e-a92b-04d4955d3a21,3eef8a06-3317-4702-9f25-89be55893f87,2024-05-21 02:51:20,2024-05-22 04:51:20,8952,USD
00d39602-5b10-437e-a92b-04d4955d3a21,581a62c9-a48b-4a5f-80f4-e7894190e967,2024-06-19 02:51:20,2024-06-20 11:51:20,6256,USD
00d39602-5b10-437e-a92b-04d4955d3a21,84d2093f-e2a6-4a68-9f1e-c72925e32b20,2024-06-23 02:51:20,2024-06-24 01:51:20,8226,USD
521287f2-764c-4816-b9b0-b5aa84339a8d,e4555e38-1c7e-43ce-a40e-99f3015dc902,2025-03-01 18:49:40,2025-03-02 00:49:40,879,AUD
521287f2-764c-4816-b9b0-b5aa84339a8d,46a8decb-2a35-4e18-b330-ee3509821952,2025-03-29 18:49:40,2025-03-31 04:49:40,1831,AUD
521287f2-764c-4816-b9b0-b5aa84339a8d,1a3c0946-4bbe-45a1-ae8d-8633e2f98d93,2025-04-17 18:49:40,2025-04-17 23:49:40,728,AUD
521287f2-764c-4816-b9b0-b5aa84339a8d,42a2e002-46d2-40c0-8541-8ea80df63a81,2025-05-12 18:49:40,2025-05-13 14:49:40,149,AUD
521287f2-764c-4816-b9b0-b5aa84339a8d,9527bc12-42a6-4e17-8674-e4299165b657,2025-06-10 18:49:40,2025-06-11 02:49:40,6723,AUD
e06a10a6-4065-4124-8766-1bdc454946a0,617a23a7-d7d3-43c5-b3a4-dd52b4a72e55,2024-08-31 13:33:26,2024-09-01 22:33:26,3551,USD
af46f754-5ae0-4053-8dc1-a75f807fad7d,4c8bea9b-c588-463a-973d-7c50ec73a42c,2024-09-21 21:36:50,2024-09-22 21:36:50,5601,GBP
af46f754-5ae0-4053-8dc1-a75f807fad7d,c5f5e0fb-b6a3-4520-92e1-da6c379abf66,2024-10-19 21:36:50,2024-10-20 01:36:50,5287,GBP
af46f754-5ae0-4053-8dc1-a75f807fad7d,50c8577d-fa30-4c23-bf40-a89b8a2670a6,2024-10-25 21:36:50,2024-10-26 21:36:50,2095,GBP
b505dc5c-9d33-4333-a4f9-d5e244373077,4ff938e8-14c8-45fe-921d-41a06ffe9eb8,2025-02-05 07:08:00,2025-02-05 17:08:00,8646,USD
b505dc5c-9d33-4333-a4f9-d5e244373077,4fa172dc-680c-407f-8fb2-df56eaa64dbc,2025-02-26 07:08:00,2025-02-27 20:08:00,1257,USD
b505dc5c-9d33-4333-a4f9-d5e244373077,ca618df2-e07d-4c5a-b85c-a756ba6d4b8f,2025-03-16 07:08:00,2025-03-16 21:08:00,699,USD
b505dc5c-9d33-4333-a4f9-d5e244373077,32cafba5-f27b-49a3-9b77-20c11a916a29,2025-04-13 07:08:00,2025-04-13 20:08:00,5536,USD
b505dc5c-9d33-4333-a4f9-d5e244373077,1ca3e10a-913f-40dc-a39e-1cb2054d7bd9,2025-05-12 07:08:00,2025-05-12 11:08:00,1838,USD
e0d9d465-29f8-43d9-9a6b-e94d4da5a5d5,0942b55e-53ae-4c3d-8523-78f78a4c48a6,2025-01-16 07:58:45,2025-01-16 16:58:45,5382,USD
e0d9d465-29f8-43d9-9a6b-e94d4da5a5d5,cf916e9f-5643-40d1-a716-a6b4ff7d6cc2,2025-01-22 07:58:45,2025-01-24 00:58:45,5008,USD
e0d9d465-29f8-43d9-9a6b-e94d4da5a5d5,3dfd02b7-3647-46f0-99b7-a7d3fd184093,2025-02-15 07:58:45,2025-02-15 11:58:45,1233,USD
b6ab1634-bb21-496c-92f6-6b222738265c,39c06e0d-ec07-40e2-bdb5-fdb5ef25d615,2024-05-23 07:10:29,2024-05-25 00:10:29,836,AUD
b6ab1634-bb21-496c-92f6-6b222738265c,437334ae-2ef3-4249-8998-8c76e68198fd,2024-06-09 07:10:29,2024-06-09 09:10:29,1549,AUD
b6ab1634-bb21-496c-92f6-6b222738265c,9ba29f7b-3537-498f-9212-cd6d543ba156,2024-06-17 07:10:29,2024-06-18 12:10:29,2680,AUD
0c5dab51-1432-4bbc-8abe-901d63ee79c7,23f694e4-2f0c-486e-ba13-1ef0e347959c,2024-03-10 07:45:57,2024-03-10 12:45:57,1256,USD
0c5dab51-1432-4bbc-8abe-901d63ee79c7,a578da67-1e97-4211-a826-ecc08997dde8,2024-03-11 07:45:57,2024-03-12 05:45:57,6797,USD
0c5dab51-1432-4bbc-8abe-901d63ee79c7,23e84db0-c527-46d9-acfc-0e21e0ca017a,2024-03-21 07:45:57,2024-03-21 18:45:57,1605,USD
eaa54c2d-9ea2-48a6-94b0-f1824808b82f,841d1d17-6d82-4d61-be51-2f19d842550f,2024-10-25 00:15:12,2024-10-25 21:15:12,1815,CAD
eaa54c2d-9ea2-48a6-94b0-f1824808b82f,3348c629-b755-4e25-ae7c-c3afe7941594,2024-11-18 00:15:12,2024-11-19 19:15:12,4238,CAD
fa668576-8c3d-4fe6-b659-77a58c1632f1,e4b2986c-e184-41ef-a78e-26aa6da33b3a,2024-07-10 17:41:55,2024-07-10 22:41:55,3532,GBP
fa668576-8c3d-4fe6-b659-77a58c1632f1,8ba4ca8f-6da1-4863-8153-de7cf791d72f,2024-08-09 17:41:55,2024-08-11 00:41:55,2052,GBP
fa668576-8c3d-4fe6-b659-77a58c1632f1,b06b117a-307f-4d82-8db7-6b5be7f9eba9,2024-09-06 17:41:55,2024-09-08 09:41:55,539,GBP
fa668576-8c3d-4fe6-b659-77a58c1632f1,69a69796-1379-4b9e-ad63-71c6f3c8de39,2024-09-15 17:41:55,2024-09-15 20:41:55,1246,GBP
fa668576-8c3d-4fe6-b659-77a58c1632f1,fae11d2f-f6ad-4841-af72-dda4fb205559,2024-09-18 17:41:55,2024-09-19 06:41:55,7980,GBP
99048f91-2abc-4074-8c12-130b5a8413d9,9591af1c-179f-4466-9023-9c0aaea3a359,2024-05-15 16:22:21,2024-05-16 22:22:21,2268,GBP
99048f91-2abc-4074-8c12-130b5a8413d9,b7b5f7d0-5043-4b0f-bea0-0cdaafae0737,2024-05-17 16:22:21,2024-05-19 03:22:21,7165,GBP
99048f91-2abc-4074-8c12-130b5a8413d9,dc3f6f44-d25b-4d81-8f19-1f1075dc49b7,2024-05-20 16:22:21,2024-05-22 07:22:21,320,GBP
03c63574-ecda-4718-9609-d8b02ea5b74d,262e272e-826e-4a81-bf33-a4630982ae01,2024-04-10 01:44:23,2024-04-11 04:44:23,2253,CAD
03c63574-ecda-4718-9609-d8b02ea5b74d,dde3e0fc-8f2b-426c-856b-fb7667aaf526,2024-04-15 01:44:23,2024-04-16 22:44:23,7130,CAD
03c63574-ecda-4718-9609-d8b02ea5b74d,4bb4cbc3-f83c-4459-8f8c-71ddfd35e7d2,2024-04-28 01:44:23,2024-04-29 23:44:23,5549,CAD
03c63574-ecda-4718-9609-d8b02ea5b74d,9fc1cbcd-e834-44f4-bdeb-f5ef88f4480a,2024-05-15 01:44:23,2024-05-15 08:44:23,9224,CAD
834f964e-6922-4431-bc87-46d62e506950,7924d437-7882-4145-8f0e-67047126242c,2024-06-26 10:39:43,2024-06-27 22:39:43,3467,CAD
834f964e-6922-4431-bc87-46d62e506950,72279675-d337-4e5a-8e08-bfc9e9e9315c,2024-07-24 10:39:43,2024-07-26 10:39:43,7512,CAD
834f964e-6922-4431-bc87-46d62e506950,5cf53e01-bf8c-49f1-a3c4-582b0d2d8f41,2024-08-21 10:39:43,2024-08-22 06:39:43,8907,CAD
834f964e-6922-4431-bc87-46d62e506950,a90b50cb-8dfe-451e-a058-25af815971f8,2024-09-16 10:39:43,2024-09-17 06:39:43,8640,CAD
e4cf221e-2da2-4638-b906-be9317fb62ce,2512c142-17ae-45a3-a820-187f9c9439ba,2024-11-01 00:16:44,2024-11-03 00:16:44,5562,USD
e4cf221e-2da2-4638-b906-be9317fb62ce,07f7e66d-5717-47f0-9fc8-8910e51bd13c,2024-11-04 00:16:44,2024-11-04 23:16:44,1489,USD
d246094d-cabf-47ee-839f-33fae38ed9af,2e31d278-c8d6-41e7-ad08-ef10bede3822,2025-01-05 21:55:37,2025-01-05 23:55:37,9183,USD
69e5455a-0878-416f-acb6-8cc7a4c84bdc,a8b4d4d9-17ab-49cf-bf69-634e176b2211,2024-06-22 21:24:09,2024-06-23 01:24:09,7675,CAD
69e5455a-0878-416f-acb6-8cc7a4c84bdc,e4102115-07c7-4457-b8df-3224490f2686,2024-06-30 21:24:09,2024-07-01 23:24:09,3254,CAD
69e5455a-0878-416f-acb6-8cc7a4c84bdc,ce00379a-7416-49bf-87c4-cb0ad27756b4,2024-07-06 21:24:09,2024-07-07 14:24:09,3298,CAD
69e5455a-0878-416f-acb6-8cc7a4c84bdc,4b9569ff-4a1b-44c1-a380-a442b5f95e95,2024-07-23 21:24:09,2024-07-24 23:24:09,5114,CAD
a1b09b53-2902-472f-b767-e6a7fa85dd48,04605199-5a7a-4e07-b8a3-3d5649a6bd6d,2025-02-21 05:18:15,2025-02-21 20:18:15,7369,GBP
a1b09b53-2902-472f-b767-e6a7fa85dd48,f421fdb1-da6d-4321-9ec4-7948a5171825,2025-02-26 05:18:15,2025-02-26 08:18:15,9566,GBP
a1b09b53-2902-472f-b767-e6a7fa85dd48,f4717419-68be-4d50-8267-c986e6a6b851,2025-03-18 05:18:15,2025-03-18 22:18:15,4551,GBP
a1b09b53-2902-472f-b767-e6a7fa85dd48,86369c40-ba99-499d-9f30-e6a12b2190e2,2025-04-15 05:18:15,2025-04-16 21:18:15,4239,GBP
824e0d70-cee3-4d84-abe5-5939316dd6aa,d239783c-7d3c-41ab-ac44-48f73c4c7642,2024-08-15 23:55:17,2024-08-16 17:55:17,9976,CAD
824e0d70-cee3-4d84-abe5-5939316dd6aa,a954bb1a-f9d1-421b-9ae6-ff0dc2fa2d82,2024-09-05 23:55:17,2024-09-07 16:55:17,6941,CAD
55371754-8af2-4a92-a680-7fd7e9bc91bb,b54e9d24-0c9b-433b-9fc4-d97151783aab,2024-04-06 14:53:00,2024-04-08 10:53:00,2790,AUD
dd34685c-455b-4c69-80d4-9adbe8662ce0,55aa49ab-552b-48f3-be4f-6aa43e3e5a82,2025-02-14 20:12:00,2025-02-16 07:12:00,7123,GBP
10a1b5a0-ede4-4765-89ed-9aed0681ad95,538061f9-1f61-47af-8dc4-9b4b8ec66781,2024-04-28 10:56:51,2024-04-29 01:56:51,8078,GBP
10a1b5a0-ede4-4765-89ed-9aed0681ad95,eeaa04bb-78c8-4ab9-b42a-2165fb744570,2024-05-13 10:56:51,2024-05-13 15:56:51,9938,GBP
ab347256-e985-499c-ae9e-37be604737f3,1630d69a-5a4d-4718-9d85-d9a72a6bd320,2024-05-18 21:07:04,2024-05-19 18:07:04,4766,AUD
ab347256-e985-499c-ae9e-37be604737f3,481e2f87-d9fd-4930-a6fb-c727cbeccbbf,2024-05-21 21:07:04,2024-05-23 07:07:04,5123,AUD
8d89011c-bd77-48c2-a9d1-a46e5d3a2295,a9d34bb3-8dcf-44da-9062-cc94c2e00ad9,2024-05-14 20:51:18,2024-05-15 15:51:18,3707,USD
8d89011c-bd77-48c2-a9d1-a46e5d3a2295,75649693-9d32-4280-8131-0442e71a962c,2024-06-07 20:51:18,2024-06-08 05:51:18,3125,USD
8d89011c-bd77-48c2-a9d1-a46e5d3a2295,933cebd9-92e5-4a7d-a136-2b0c64d67b2a,2024-07-07 20:51:18,2024-07-08 10:51:18,2979,USD
8d89011c-bd77-48c2-a9d1-a46e5d3a2295,7ea5f622-eb3c-4e51-9389-6f639345105c,2024-07-19 20:51:18,2024-07-21 13:51:18,3956,USD
c6371601-d228-4dfa-9811-f369d76fda5c,8de84bb1-115b-4dc7-8981-258739646e14,2025-01-20 01:18:19,2025-01-21 12:18:19,7902,GBP
c6371601-d228-4dfa-9811-f369d76fda5c,ef150ff4-4acc-4e78-b7aa-9c0b9477ea0b,2025-02-10 01:18:19,2025-02-11 18:18:19,1066,GBP
c6371601-d228-4dfa-9811-f369d76fda5c,6ee480ba-5125-472c-94b8-7e38c792fd9a,2025-03-07 01:18:19,2025-03-08 13:18:19,4321,GBP
dbe56c69-a34b-4d52-82ae-d3c30cf7bbf9,dbc0d45b-a6e9-453a-8c20-584cd7d66e01,2024-05-10 01:04:04,2024-05-11 10:04:04,5792,USD
dbe56c69-a34b-4d52-82ae-d3c30cf7bbf9,e26e8fa3-5f80-46c9-a68a-a51c50dbcf99,2024-05-24 01:04:04,2024-05-25 21:04:04,7397,USD
dbe56c69-a34b-4d52-82ae-d3c30cf7bbf9,c98f9a6e-37cb-4865-981d-a7d767f3d7b4,2024-06-19 01:04:04,2024-06-19 16:04:04,5861,USD
3fe58079-d3a4-4da2-be11-5cbb30209bb5,21e8a354-9ccc-434e-af1f-12c2b5e6919c,2024-10-19 15:46:46,2024-10-20 01:46:46,3370,CAD
3fe58079-d3a4-4da2-be11-5cbb30209bb5,6f443923-e1cf-4034-9d64-fb190dbc2bb7,2024-10-25 15:46:46,2024-10-27 11:46:46,1088,CAD
989309ba-9a40-47a3-a817-e5dfac27cc25,188da21d-f97f-4774-9f3d-0fd3ab8715cc,2025-03-02 22:46:24,2025-03-03 01:46:24,3142,CAD
989309ba-9a40-47a3-a817-e5dfac27cc25,ba578249-f925-4841-a104-839d8f87d0fa,2025-03-24 22:46:24,2025-03-26 10:46:24,8791,CAD
58864e8f-bbec-48c2-894f-8cb228935c1e,c64efb43-a577-48b9-bfa9-483eef8f4b04,2024-08-09 18:40:45,2024-08-11 18:40:45,3239,CAD
58864e8f-bbec-48c2-894f-8cb228935c1e,1e770ce4-c7b6-45b8-b560-1d9733ba56c6,2024-09-07 18:40:45,2024-09-08 06:40:45,587,CAD
c8435b12-b4be-40da-ba75-697f6481a6d0,64ea4fc7-6af1-4854-9b23-12771f96d2e9,2024-04-18 03:14:14,2024-04-18 05:14:14,1660,USD
8d3bcea6-9bf1-477a-bfb3-4360ffd7b0ad,fc5a46a0-a27f-4206-b038-eb67b6f5419d,2024-05-11 23:02:31,2024-05-13 17:02:31,1377,AUD
8d3bcea6-9bf1-477a-bfb3-4360ffd7b0ad,b98d13b4-10d7-4a01-ac14-f26d2b582a11,2024-05-16 23:02:31,2024-05-17 11:02:31,2876,AUD
8d3bcea6-9bf1-477a-bfb3-4360ffd7b0ad,d8f84fe5-b16a-466b-8634-4455ae9497d9,2024-06-08 23:02:31,2024-06-10 08:02:31,1655,AUD
8d3bcea6-9bf1-477a-bfb3-4360ffd7b0ad,17636e04-8bb6-44d5-a266-e21082ad532d,2024-06-27 23:02:31,2024-06-29 19:02:31,4840,AUD
8d3bcea6-9bf1-477a-bfb3-4360ffd7b0ad,5529a5a8-3f27-4086-b0bb-d06b99e966ea,2024-07-24 23:02:31,2024-07-26 20:02:31,3858,AUD
f7dcbe15-313c-4faf-a575-c192d986790c,b02f59cd-64c6-47fe-a5cb-5b8f224ae63b,2024-05-14 01:40:38,2024-05-15 20:40:38,2320,AUD
f7dcbe15-313c-4faf-a575-c192d986790c,0926e5ff-5080-4a21-8098-6bf7e382f0f4,2024-06-12 01:40:38,2024-06-13 17:40:38,4154,AUD
f7dcbe15-313c-4faf-a575-c192d986790c,38e33cec-a069-4da3-bd76-844c8819474e,2024-06-27 01:40:38,2024-06-27 10:40:38,7345,AUD
f7dcbe15-313c-4faf-a575-c192d986790c,bb8bce93-300e-44aa-b217-dfe5e26d8829,2024-07-14 01:40:38,2024-07-14 05:40:38,4730,AUD
f7dcbe15-313c-4faf-a575-c192d986790c,835d1509-7fc3-40ee-8166-fe24bff2379a,2024-08-12 01:40:38,2024-08-13 18:40:38,2172,AUD
683dcb05-58a8-477f-959a-161403f840e2,1bdaf542-bb42-4b34-b48b-01f19723f973,2024-12-08 03:56:36,2024-12-08 07:56:36,1269,USD
683dcb05-58a8-477f-959a-161403f840e2,075c7902-8b3a-4fc7-9783-4895c8bc72bd,2024-12-20 03:56:36,2024-12-22 00:56:36,4680,USD
325b99ee-651d-4596-9765-fd42ee8e0a5a,63bcc5ef-9f6c-426b-817d-f4b73881e5f1,2024-12-27 04:49:46,2024-12-27 18:49:46,9640,CAD
325b99ee-651d-4596-9765-fd42ee8e0a5a,51043c40-5a92-43e5-8a7a-4f399d0c9c33,2024-12-30 04:49:46,2024-12-30 16:49:46,3411,CAD
22ce9ad2-9898-477f-bc92-e521e27f94ba,736c0baa-4f3d-424e-80bf-3dd2ab1e3d52,2024-09-21 08:28:54,2024-09-23 00:28:54,5299,CAD
22ce9ad2-9898-477f-bc92-e521e27f94ba,9f978d87-d3a4-4a58-b3a5-f891afb7adfa,2024-10-07 08:28:54,2024-10-07 17:28:54,4249,CAD
22ce9ad2-9898-477f-bc92-e521e27f94ba,fdbf6b96-b4db-422b-9ff6-8b2d02ff6a33,2024-11-04 08:28:54,2024-11-04 13:28:54,7763,CAD
32b7ee90-9fc1-4e4d-93f3-d432df4f9544,6a1b8c76-f07f-42c7-8ebd-5b396bb2f80f,2024-11-21 03:17:49,2024-11-21 07:17:49,8604,GBP
32b7ee90-9fc1-4e4d-93f3-d432df4f9544,ec0a03d7-4c01-4eb6-8ed5-c88d5b64f3a9,2024-12-05 03:17:49,2024-12-06 22:17:49,6597,GBP
32b7ee90-9fc1-4e4d-93f3-d432df4f9544,111a5d11-c60e-414e-8214-cf9f020d5cc8,2024-12-25 03:17:49,2024-12-26 02:17:49,626,GBP
32b7ee90-9fc1-4e4d-93f3-d432df4f9544,1f76253b-6077-47c2-9576-1eabece77c3c,2024-12-31 03:17:49,2025-01-01 09:17:49,5351,GBP
78523d29-ead9-4660-811a-732a4e85eba6,5211efc4-ed7b-4a44-9334-d21d799798d8,2024-03-05 03:04:32,2024-03-05 16:04:32,4786,GBP
78523d29-ead9-4660-811a-732a4e85eba6,5a6b002c-af49-4a8d-ac22-14c08edfe2db,2024-03-15 03:04:32,2024-03-15 09:04:32,2805,GBP
5a6ec08c-698b-4977-a8ad-112f46f71c7f,26612ffd-1b4c-42ba-b9f7-e678396178f3,2024-07-16 02:05:14,2024-07-17 09:05:14,9694,AUD
49a14b15-47b1-444f-9f67-309e32c0b9ce,0caadf62-526c-4863-9f8d-ad38dc9fe537,2024-03-22 16:04:12,2024-03-24 02:04:12,6863,USD
49a14b15-47b1-444f-9f67-309e32c0b9ce,5709c1c2-b8cc-44db-8892-0b3a6458b791,2024-04-09 16:04:12,2024-04-11 01:04:12,9085,USD
49a14b15-47b1-444f-9f67-309e32c0b9ce,c1aa0b3d-c9dc-4ea2-96b0-392f035e171b,2024-05-07 16:04:12,2024-05-08 03:04:12,2118,USD
49a14b15-47b1-444f-9f67-309e32c0b9ce,a00c78cc-0f79-472a-89eb-64173cb82be5,2024-05-10 16:04:12,2024-05-12 16:04:12,8135,USD
49a14b15-47b1-444f-9f67-309e32c0b9ce,4bebb1ea-678a-44ea-88c9-ed7c17736f8a,2024-05-30 16:04:12,2024-05-30 20:04:12,7859,USD
7cf89389-aae9-4b0f-9e5e-3617883c70a2,fa607522-5ba8-4eab-8914-b1957917deac,2024-10-11 11:38:25,2024-10-12 07:38:25,6652,USD
7cf89389-aae9-4b0f-9e5e-3617883c70a2,03651ccb-1f6c-45ad-9d5f-fc1a797c27bd,2024-10-18 11:38:25,2024-10-20 02:38:25,4305,USD
7cf89389-aae9-4b0f-9e5e-3617883c70a2,6b0dbf0c-4688-4070-a692-5785edc778e7,2024-11-12 11:38:25,2024-11-12 22:38:25,1903,USD
7cf89389-aae9-4b0f-9e5e-3617883c70a2,c3f9ef84-74b0-4154-880e-4851f8c8f3c0,2024-12-02 11:38:25,2024-12-03 16:38:25,1162,USD
7cf89389-aae9-4b0f-9e5e-3617883c70a2,a2700645-23fb-4f70-a00c-9091f7aac9cc,2024-12-16 11:38:25,2024-12-16 21:38:25,8887,USD
801088c0-5c69-4445-bfab-11bad2829020,1780c41b-9a11-47f6-9cf3-f827e27333ef,2025-02-27 12:34:40,2025-02-28 19:34:40,651,CAD
801088c0-5c69-4445-bfab-11bad2829020,3d102a96-bcf6-47c6-b65d-cf06f0101194,2025-03-15 12:34:40,2025-03-16 12:34:40,2825,CAD
801088c0-5c69-4445-bfab-11bad2829020,fa363686-4625-478a-9543-e04c7c352ecc,2025-04-07 12:34:40,2025-04-07 23:34:40,434,CAD
801088c0-5c69-4445-bfab-11bad2829020,8ebae505-18e9-4dfa-a9d1-0d8c78307f89,2025-04-18 12:34:40,2025-04-19 07:34:40,1317,CAD
801088c0-5c69-4445-bfab-11bad2829020,031816c6-a469-499c-8c0b-cb487b25e3ac,2025-05-04 12:34:40,2025-05-05 12:34:40,6833,CAD
af54813c-6176-4002-ae5f-9036f51882b7,8bc5e8d5-5551-4e96-9ba5-6783aca31d87,2024-12-14 12:47:56,2024-12-16 12:47:56,1985,GBP
cd1abb3a-5983-4c46-b3b9-25855efd82d9,897dda7a-d8fb-4648-a553-b8ee4b366167,2024-09-15 09:05:19,2024-09-16 06:05:19,3734,USD
6a4fc821-f814-4e33-bec8-b7e552637702,16c44af1-d653-4765-9429-705d4a856a57,2024-09-10 22:15:07,2024-09-12 10:15:07,2014,GBP
6a4fc821-f814-4e33-bec8-b7e552637702,24807b91-8216-47ff-aa88-45be0eeb2620,2024-09-12 22:15:07,2024-09-14 19:15:07,5770,GBP
15e6b1c6-8bdd-4b72-ac09-e3569afe021d,66825a84-d6cc-445f-b077-be1a61361074,2024-08-01 22:57:54,2024-08-03 18:57:54,9186,AUD
15e6b1c6-8bdd-4b72-ac09-e3569afe021d,6ac35ee0-2dcd-44aa-8ff0-38c9cc79eb08,2024-08-18 22:57:54,2024-08-19 23:57:54,4622,AUD
15e6b1c6-8bdd-4b72-ac09-e3569afe021d,e987cc39-36cb-4d0a-be06-cd2149066b33,2024-09-10 22:57:54,2024-09-11 02:57:54,7246,AUD
958fb586-95f3-4520-8e8b-ada64a837ded,28857508-461c-468f-9a89-040279ad930d,2024-05-25 07:36:23,2024-05-25 14:36:23,1255,AUD
958fb586-95f3-4520-8e8b-ada64a837ded,67f7717d-9b1e-4ebf-ae1c-fa57716aea70,2024-06-16 07:36:23,2024-06-16 14:36:23,1134,AUD
958fb586-95f3-4520-8e8b-ada64a837ded,b7055590-5c68-4447-a39c-1616586f92ac,2024-06-26 07:36:23,2024-06-27 17:36:23,1973,AUD
7f917260-dc4f-4f99-97eb-25451e9eb373,6d2cc1c6-b18f-4b0b-ada2-6646c90a8c84,2024-12-19 17:26:11,2024-12-21 02:26:11,7675,USD
7f917260-dc4f-4f99-97eb-25451e9eb373,490765d3-7b37-4827-a9ed-a3861497a09d,2025-01-03 17:26:11,2025-01-04 07:26:11,1285,USD
7f917260-dc4f-4f99-97eb-25451e9eb373,d293f333-1ff9-44b9-8081-0f8e133a1160,2025-01-12 17:26:11,2025-01-13 09:26:11,358,USD
7f917260-dc4f-4f99-97eb-25451e9eb373,22d461d5-2780-4806-aac6-5a86da760644,2025-01-16 17:26:11,2025-01-18 06:26:11,9339,USD
7f917260-dc4f-4f99-97eb-25451e9eb373,523f1369-c93d-4732-a090-7a3ea3309a17,2025-01-31 17:26:11,2025-02-02 17:26:11,2944,USD
28a4b09a-4ac7-49bc-b4f9-35f26122dfa2,ecc1fea1-f873-46c5-beb1-27b6ad779a30,2024-09-15 09:12:30,2024-09-16 11:12:30,4916,CAD
28a4b09a-4ac7-49bc-b4f9-35f26122dfa2,d2aab71f-bc6d-4b8c-a9b5-90d52f202e26,2024-09-23 09:12:30,2024-09-24 12:12:30,9193,CAD
28a4b09a-4ac7-49bc-b4f9-35f26122dfa2,62751d65-9ebe-4e12-bce3-00e0880f191f,2024-10-03 09:12:30,2024-10-04 22:12:30,8250,CAD
28a4b09a-4ac7-49bc-b4f9-35f26122dfa2,ec640d16-6805-47e3-a472-7979d1c3f8d6,2024-10-15 09:12:30,2024-10-16 16:12:30,2454,CAD
cf35afc1-b48c-493a-86a7-8d2e29ffd67d,ed2cebba-0866-4289-bb90-e40051a7b4fc,2025-02-11 04:53:48,2025-02-12 06:53:48,9874,USD
cf35afc1-b48c-493a-86a7-8d2e29ffd67d,693c6151-ef2a-48ed-815c-ee4b35fd89f4,2025-03-08 04:53:48,2025-03-08 14:53:48,4885,USD
cf35afc1-b48c-493a-86a7-8d2e29ffd67d,40384254-3ab8-4202-90ed-c26961cb2be6,2025-03-22 04:53:48,2025-03-24 03:53:48,683,USD
cf35afc1-b48c-493a-86a7-8d2e29ffd67d,767364ec-cc99-403c-b969-19eb5ea07fa9,2025-03-28 04:53:48,2025-03-29 17:53:48,7495,USD
cf35afc1-b48c-493a-86a7-8d2e29ffd67d,112ce50e-2cce-467d-b6e3-e42004d13775,2025-04-01 04:53:48,2025-04-01 20:53:48,629,USD
8cda22b2-76a1-466c-8a6f-8952c2c82344,d95daf63-c3a3-4791-8c80-d4f4921d20a5,2024-05-12 19:42:40,2024-05-13 20:42:40,4437,AUD
8cda22b2-76a1-466c-8a6f-8952c2c82344,39107bfe-f8ec-4851-9a5e-ab8d0f1960af,2024-06-01 19:42:40,2024-06-03 10:42:40,6979,AUD
8cda22b2-76a1-466c-8a6f-8952c2c82344,52780d98-97ea-463a-bc9d-6fe3aa10bd5a,2024-06-22 19:42:40,2024-06-23 18:42:40,9788,AUD
95640eb9-9b9c-48e5-900a-b5c8a2a7ace5,ad1258e5-f7a9-4659-bdd9-5b82fea57313,2024-10-08 13:29:34,2024-10-08 21:29:34,9725,GBP
95640eb9-9b9c-48e5-900a-b5c8a2a7ace5,88f211fc-3ede-423b-880c-5adb90845146,2024-10-10 13:29:34,2024-10-11 02:29:34,1137,GBP
d13759bd-fafe-4a4a-a868-f115bd2bd302,dff0c6f9-ef39-4551-81e9-d358707b6e92,2024-11-30 18:58:01,2024-12-02 07:58:01,7375,CAD
d13759bd-fafe-4a4a-a868-f115bd2bd302,ebed2336-79b7-4523-ac41-823160342140,2024-12-07 18:58:01,2024-12-08 01:58:01,3456,CAD
d13759bd-fafe-4a4a-a868-f115bd2bd302,dab3bdf7-b1c7-460d-895d-ccc8fd52bf1a,2024-12-13 18:58:01,2024-12-15 10:58:01,9889,CAD
d13759bd-fafe-4a4a-a868-f115bd2bd302,3b702752-0613-4edf-b870-ad023151f80e,2024-12-19 18:58:01,2024-12-20 14:58:01,6763,CAD
d13759bd-fafe-4a4a-a868-f115bd2bd302,2b0538e5-f235-44b6-a8c0-bc01ea1b1574,2025-01-03 18:58:01,2025-01-05 18:58:01,7529,CAD
c1aaac1e-b0ff-4695-861a-7580d712f83f,76569bec-984e-4920-813a-ad5531ea115f,2024-10-22 23:08:15,2024-10-24 07:08:15,6153,AUD
c1aaac1e-b0ff-4695-861a-7580d712f83f,8eee485d-4561-40e4-8dcf-c35f542c4e20,2024-10-29 23:08:15,2024-10-30 01:08:15,2767,AUD
c1aaac1e-b0ff-4695-861a-7580d712f83f,12bc8d26-adcd-4ec6-bd08-a1577aa19e5b,2024-11-01 23:08:15,2024-11-02 03:08:15,3069,AUD
c1aaac1e-b0ff-4695-861a-7580d712f83f,7a435777-ebba-4f31-a93a-a39e14cbdf19,2024-11-20 23:08:15,2024-11-22 17:08:15,6098,AUD
2a70af0a-4bf6-41c8-9023-b07715a23579,a9d14a46-4fc2-405f-a966-4b66177d0545,2024-12-26 00:52:18,2024-12-27 12:52:18,9193,CAD
2a70af0a-4bf6-41c8-9023-b07715a23579,f4479762-df8b-49f7-92dc-2d6f8a39894e,2025-01-24 00:52:18,2025-01-25 12:52:18,3328,CAD
f5231158-15cd-4b17-96e8-a2a10ac45873,b9a6fb8d-d733-4bb2-ba61-271b13926646,2024-10-03 12:43:51,2024-10-04 08:43:51,2847,USD
884c0d87-d19e-4e76-9a3f-20e6365b528a,cd12ace5-9eea-4ecb-87c1-861570297a4f,2024-09-29 15:02:40,2024-10-01 15:02:40,693,USD
884c0d87-d19e-4e76-9a3f-20e6365b528a,bc7534cc-d280-487b-b2e3-b04398e70bd5,2024-10-07 15:02:40,2024-10-09 01:02:40,9637,USD
7b1302e2-846a-49dd-8c21-00d83c468dfb,5066c141-3c7b-4f06-8483-6e69ce7ba056,2024-12-02 08:52:58,2024-12-04 06:52:58,9478,USD
7b1302e2-846a-49dd-8c21-00d83c468dfb,a0f5fabb-5ccd-4efe-8b55-7c74ce07f621,2024-12-21 08:52:58,2024-12-22 20:52:58,1054,USD
7b1302e2-846a-49dd-8c21-00d83c468dfb,9b2e281c-3644-4664-853e-7839dcd17a7c,2025-01-03 08:52:58,2025-01-03 15:52:58,4444,USD
3b55f444-b116-4d84-822a-25c0abd9ad44,7befd6a7-6b4e-4328-adae-0867ea16281b,2025-02-25 16:32:41,2025-02-26 15:32:41,9398,GBP
3b55f444-b116-4d84-822a-25c0abd9ad44,10843a4d-fbae-4c8f-b28c-b369099166ce,2025-03-16 16:32:41,2025-03-18 13:32:41,5652,GBP
3b55f444-b116-4d84-822a-25c0abd9ad44,6c8cab22-5642-4951-a57f-1c51de16b7ab,2025-04-15 16:32:41,2025-04-16 21:32:41,1152,GBP
e2a351c5-ef7d-4100-937a-8cf3c67bfe31,b84dfa2e-287c-4c09-b7a3-7883b4c8c488,2024-12-28 08:02:39,2024-12-28 23:02:39,9249,USD
e2a351c5-ef7d-4100-937a-8cf3c67bfe31,bf78a491-b2a9-4161-b46f-bd85c9e8b955,2025-01-07 08:02:39,2025-01-08 18:02:39,8895,USD
a4f34fa2-3cc7-4e67-90d1-c677e5c84828,a437cb94-b605-4a5f-9d43-307781402c50,2024-07-16 17:11:41,2024-07-17 08:11:41,8039,USD
a4f34fa2-3cc7-4e67-90d1-c677e5c84828,672fe156-c548-44bc-9512-b90990ab13f3,2024-08-09 17:11:41,2024-08-09 18:11:41,1819,USD
a4f34fa2-3cc7-4e67-90d1-c677e5c84828,1e22e0f7-bb12-4b4d-b85e-28310acd7a93,2024-09-01 17:11:41,2024-09-03 02:11:41,746,USD
a4f34fa2-3cc7-4e67-90d1-c677e5c84828,6dec52b4-6a6c-4d10-bf2f-9bf170cbdd1d,2024-09-15 17:11:41,2024-09-15 23:11:41,8470,USD
a4f34fa2-3cc7-4e67-90d1-c677e5c84828,359e107f-eaf2-48e6-8ac7-4a4b1d150b8c,2024-10-02 17:11:41,2024-10-02 21:11:41,999,USD
8b52b62e-dfb9-4ae6-a2ed-3f195c5927f8,2ac3587a-559e-497c-a3fd-2f2c283d98fd,2024-06-12 08:12:42,2024-06-13 15:12:42,7039,AUD
8b52b62e-dfb9-4ae6-a2ed-3f195c5927f8,adff3995-fafc-43bb-8849-04dd046e8459,2024-06-26 08:12:42,2024-06-26 14:12:42,8672,AUD
8b52b62e-dfb9-4ae6-a2ed-3f195c5927f8,59356059-7dc0-431b-ac4f-f855054bc223,2024-07-08 08:12:42,2024-07-09 00:12:42,7854,AUD
8b52b62e-dfb9-4ae6-a2ed-3f195c5927f8,a927b3ca-8d56-4285-b9f6-85f2fbb5c6a9,2024-07-10 08:12:42,2024-07-11 01:12:42,1144,AUD
8b52b62e-dfb9-4ae6-a2ed-3f195c5927f8,36eabb9f-5687-4d15-915d-b3a061101a57,2024-07-28 08:12:42,2024-07-29 20:12:42,2940,AUD
e167a0cd-f2d0-4e79-b751-1f5350fec32c,2d6bcd57-f30e-4b76-a567-6a39dc79f85a,2024-06-01 11:50:15,2024-06-01 15:50:15,9895,CAD
e167a0cd-f2d0-4e79-b751-1f5350fec32c,f56fe582-c0bc-4898-b51b-f9babb347c56,2024-06-19 11:50:15,2024-06-20 03:50:15,2345,CAD
4f9615b0-0dc5-4caf-ac3d-b3c940e7e74e,45dfaf84-8102-4a9f-87e4-1e1ab4f8695a,2024-08-20 03:41:45,2024-08-20 22:41:45,4547,USD
4f9615b0-0dc5-4caf-ac3d-b3c940e7e74e,ea0df24d-2d76-4938-af2c-dc9917ebaac6,2024-08-31 03:41:45,2024-09-01 19:41:45,7613,USD
4f9615b0-0dc5-4caf-ac3d-b3c940e7e74e,f661f142-c280-49e6-a35c-ae3a3ed2b2a9,2024-09-09 03:41:45,2024-09-10 00:41:45,1898,USD
4f9615b0-0dc5-4caf-ac3d-b3c940e7e74e,9cfd5d0b-c84c-4e4b-b23a-940eb456c764,2024-09-13 03:41:45,2024-09-13 06:41:45,8450,USD
4f9615b0-0dc5-4caf-ac3d-b3c940e7e74e,93a115f3-7f36-4727-a00f-c01ee9b8e6f0,2024-10-07 03:41:45,2024-10-07 07:41:45,2062,USD
9757e7a6-4e84-4b04-8fb5-33bb5a924f1b,24f8218d-0df4-465f-871a-ad2b702b9066,2024-08-04 22:30:10,2024-08-06 07:30:10,9172,USD
9757e7a6-4e84-4b04-8fb5-33bb5a924f1b,beb0a058-90c6-4ad2-aff4-e99b12b2945a,2024-08-30 22:30:10,2024-09-01 01:30:10,1658,USD
6c360813-f686-4433-989c-0e01ba55fab9,227cbed0-074e-4ebb-866f-61d831a34002,2024-09-09 17:04:24,2024-09-10 23:04:24,2891,AUD
6c360813-f686-4433-989c-0e01ba55fab9,b312d420-d4d2-4562-9681-075b45c25287,2024-09-27 17:04:24,2024-09-29 05:04:24,815,AUD
48c7ae96-5100-4f18-a793-8f226b3e1178,04ba6d08-22bb-4b32-a660-aea923c33535,2024-08-01 09:06:00,2024-08-01 16:06:00,7972,AUD
48c7ae96-5100-4f18-a793-8f226b3e1178,ffd71f8a-c37a-43a6-91ec-0a3deb6b87e0,2024-08-29 09:06:00,2024-08-31 02:06:00,4821,AUD
07b64ef2-5424-4875-932d-f2a67c68bb41,bad00ef8-22cf-4e6e-94a9-ca257bc4b97d,2024-06-18 15:44:55,2024-06-19 10:44:55,7018,GBP
07b64ef2-5424-4875-932d-f2a67c68bb41,52acf25d-6c23-4681-bb9c-579f045bf301,2024-06-23 15:44:55,2024-06-24 21:44:55,9859,GBP
b490bb21-73de-4fc7-91c6-03415c80861d,f2423788-8f93-4029-87bd-269f874f8ed1,2024-08-20 19:44:38,2024-08-22 02:44:38,8663,AUD
a5354e30-9672-4bd6-bcff-8d24d42eb5bf,4b15db26-4c9c-486a-8e8d-f65d18c27eee,2024-09-21 09:52:06,2024-09-22 14:52:06,1598,USD
a5354e30-9672-4bd6-bcff-8d24d42eb5bf,1da89618-7e23-4905-8cf1-50d103f65463,2024-10-10 09:52:06,2024-10-10 13:52:06,2733,USD
a5354e30-9672-4bd6-bcff-8d24d42eb5bf,f1bdfefe-7b03-4353-a237-fcc551c18773,2024-10-12 09:52:06,2024-10-12 12:52:06,1611,USD
a5354e30-9672-4bd6-bcff-8d24d42eb5bf,01bc091a-7aba-43d6-9809-72fcc9a7742e,2024-10-17 09:52:06,2024-10-18 08:52:06,2883,USD
a5354e30-9672-4bd6-bcff-8d24d42eb5bf,a6d0c7ee-5656-47d9-889e-83db76501e1e,2024-11-08 09:52:06,2024-11-08 14:52:06,8469,USD
30a494d7-17ba-4465-ba8d-0a4e53692af4,46c8bf8b-4013-4a8b-8b68-4bbdd169457f,2024-11-02 08:20:10,2024-11-04 02:20:10,2629,CAD
30a494d7-17ba-4465-ba8d-0a4e53692af4,2e3748ee-2604-4694-8896-365802227be7,2024-11-17 08:20:10,2024-11-19 00:20:10,1776,CAD
e3b21618-9dee-482f-8f2b-7635e2de0dff,e738df7a-ebc6-4774-9155-2f224137a2b6,2024-05-15 00:06:17,2024-05-16 21:06:17,267,AUD
e3b21618-9dee-482f-8f2b-7635e2de0dff,1b981d5c-92c6-4a83-bc4e-4ffe553f51e9,2024-05-18 00:06:17,2024-05-19 14:06:17,3986,AUD
e3b21618-9dee-482f-8f2b-7635e2de0dff,63f72789-f7ca-4466-9e10-0d8dd9fcc5a4,2024-06-03 00:06:17,2024-06-04 01:06:17,9779,AUD
e3b21618-9dee-482f-8f2b-7635e2de0dff,32dd5cb2-12da-448b-a006-47163107d893,2024-06-17 00:06:17,2024-06-18 00:06:17,4127,AUD
e3b21618-9dee-482f-8f2b-7635e2de0dff,528adc96-bf35-40a7-bcba-2a7d22ab1d5c,2024-07-11 00:06:17,2024-07-11 11:06:17,8824,AUD
a7abb764-4846-46f1-a678-fb472cc7f78b,6bb0148a-e6ef-4ade-a16a-ecc3501ac45b,2024-08-15 05:19:58,2024-08-17 00:19:58,9288,AUD
a7abb764-4846-46f1-a678-fb472cc7f78b,acd6d5e4-f1fc-4338-ad29-b9d7c8854f9e,2024-08-24 05:19:58,2024-08-25 11:19:58,5957,AUD
a7abb764-4846-46f1-a678-fb472cc7f78b,295fa1fc-ce09-42fd-9243-a6b26eb4c42e,2024-09-04 05:19:58,2024-09-05 13:19:58,7541,AUD
a7abb764-4846-46f1-a678-fb472cc7f78b,3b495d29-b320-421d-a246-faeda82e02e1,2024-09-05 05:19:58,2024-09-06 01:19:58,6149,AUD
ce1849ba-040b-436b-ad2d-3d838ac060bd,39874f28-6aad-4f56-9e05-6072cae084d2,2024-05-29 20:35:29,2024-05-30 06:35:29,8465,AUD
ce1849ba-040b-436b-ad2d-3d838ac060bd,a52e43a2-7ef0-4c2a-9cf0-29d5abd6ebc4,2024-06-05 20:35:29,2024-06-06 04:35:29,7312,AUD
ce1849ba-040b-436b-ad2d-3d838ac060bd,3ae234e6-8d4f-40ac-bc75-bf533e348e69,2024-07-03 20:35:29,2024-07-05 02:35:29,8319,AUD
ce1849ba-040b-436b-ad2d-3d838ac060bd,dde490d0-15ed-4248-b4ae-340cd0362d83,2024-07-31 20:35:29,2024-08-01 15:35:29,6078,AUD
7c922e58-0a0c-452d-b53e-d75ec7527932,6a7d31df-e4de-4462-8d4f-015676752693,2024-10-23 18:03:47,2024-10-25 14:03:47,3754,GBP
65cc6f67-49e0-4d39-b4d5-efc7ea8f1f9c,92074c5b-2ceb-461b-af94-811c7c0304ac,2024-05-05 14:13:13,2024-05-07 05:13:13,4614,GBP
65cc6f67-49e0-4d39-b4d5-efc7ea8f1f9c,9144ffe6-fbe8-4250-9307-96f498911424,2024-05-31 14:13:13,2024-06-01 16:13:13,2110,GBP
65cc6f67-49e0-4d39-b4d5-efc7ea8f1f9c,7c2a6a2d-148c-488a-963b-948ef4a3dcc9,2024-06-02 14:13:13,2024-06-03 05:13:13,4937,GBP
65cc6f67-49e0-4d39-b4d5-efc7ea8f1f9c,350bbd7f-e531-4859-8622-0d4e6108c546,2024-07-02 14:13:13,2024-07-03 07:13:13,4416,GBP
4727415e-697b-45b6-b5cd-8bbd0a68e7f4,afbe36d6-0b56-4db9-8c98-b4c8077f805a,2024-12-17 11:30:55,2024-12-17 23:30:55,3373,USD
4727415e-697b-45b6-b5cd-8bbd0a68e7f4,a4a8a1f7-34e1-4f08-9670-8d948907ea72,2025-01-03 11:30:55,2025-01-04 04:30:55,6446,USD
4727415e-697b-45b6-b5cd-8bbd0a68e7f4,903ed4c7-cd59-4ec9-a474-51217573df6f,2025-01-28 11:30:55,2025-01-29 04:30:55,1902,USD
545c0282-6786-4f44-a4ee-f1cb234eb527,ba5a75f3-112c-452c-a994-75816aa6bb8e,2024-12-08 14:47:56,2024-12-10 05:47:56,1980,CAD
545c0282-6786-4f44-a4ee-f1cb234eb527,0e3a96bc-bd9d-42b1-abfe-b55bc8fc6b64,2024-12-20 14:47:56,2024-12-22 05:47:56,8387,CAD
545c0282-6786-4f44-a4ee-f1cb234eb527,74ffd8ff-121a-42cb-b500-b9fc2fcbf1d4,2025-01-19 14:47:56,2025-01-21 10:47:56,2150,CAD
54983639-2107-4267-aeaa-9de8676c7bb1,4c545cdc-6721-49c4-aa9d-57a460fdf026,2025-02-03 23:37:26,2025-02-05 23:37:26,7426,USD
54983639-2107-4267-aeaa-9de8676c7bb1,e1b2e2da-d3dc-4c8d-ab69-d766a3d87e9c,2025-02-07 23:37:26,2025-02-08 09:37:26,604,USD
42ce162c-e571-4eda-82d3-c9e4367de93a,a81109a7-0301-498c-ad14-658426ef8aa8,2025-02-23 08:23:06,2025-02-24 03:23:06,2649,AUD
42ce162c-e571-4eda-82d3-c9e4367de93a,e78cd1f1-eca6-4103-98ef-0f2f76ef5c4b,2025-03-16 08:23:06,2025-03-18 08:23:06,389,AUD
42ce162c-e571-4eda-82d3-c9e4367de93a,4a32d2af-2509-4dd5-8e32-2a76095907a5,2025-04-09 08:23:06,2025-04-09 23:23:06,8899,AUD
42ce162c-e571-4eda-82d3-c9e4367de93a,7957453b-3144-4139-8bc5-2282724f269d,2025-05-07 08:23:06,2025-05-08 15:23:06,5154,AUD
42ce162c-e571-4eda-82d3-c9e4367de93a,d5528781-c73d-4cb5-b5f8-5868d972dead,2025-06-02 08:23:06,2025-06-03 05:23:06,7581,AUD
bb35b5e6-8e18-40be-9e51-956861e40e1e,8e636f26-7a82-4670-baf6-f9495fb2e648,2025-02-06 01:28:06,2025-02-06 11:28:06,6423,AUD
bb35b5e6-8e18-40be-9e51-956861e40e1e,c9ad45be-87b6-4d62-92fc-ab04e5f5e7a2,2025-02-16 01:28:06,2025-02-17 13:28:06,7858,AUD
bb35b5e6-8e18-40be-9e51-956861e40e1e,1908c748-4452-44e0-a4e1-ae88597e0522,2025-03-13 01:28:06,2025-03-14 14:28:06,6656,AUD
831d2c2b-9549-440b-bfbe-dc9d62c603ee,9994e858-4f19-4f30-bcb3-de35346f4028,2024-09-18 16:04:20,2024-09-20 14:04:20,1289,USD
831d2c2b-9549-440b-bfbe-dc9d62c603ee,e11faf90-ff4c-4bbe-87e5-9f5807fc8ef9,2024-10-06 16:04:20,2024-10-08 10:04:20,5781,USD
831d2c2b-9549-440b-bfbe-dc9d62c603ee,62fd3238-24c4-43bd-ba12-a5db964a99f0,2024-10-25 16:04:20,2024-10-27 09:04:20,6592,USD
c0ed5ab2-ad7f-4f57-b21b-b3603f48ca8c,35f9d763-d13f-47db-89eb-6af4351a25fe,2024-08-03 05:09:20,2024-08-03 19:09:20,4757,GBP
c0ed5ab2-ad7f-4f57-b21b-b3603f48ca8c,97313eae-66db-4e85-abd1-04a9988e242a,2024-08-14 05:09:20,2024-08-14 18:09:20,2862,GBP
c0ed5ab2-ad7f-4f57-b21b-b3603f48ca8c,b6e1a66e-2dba-4f19-ae6d-677a6439a72c,2024-08-30 05:09:20,2024-08-30 12:09:20,604,GBP
c0ed5ab2-ad7f-4f57-b21b-b3603f48ca8c,82db1d8b-0f2f-496a-bbd9-8106e67d069e,2024-09-19 05:09:20,2024-09-21 00:09:20,5379,GBP
c46474df-5d6e-4e01-a4e3-81c6a7181f33,95af756b-8924-4e1c-8be9-0624126e0539,2024-09-01 02:53:13,2024-09-02 21:53:13,3152,CAD
e99b7f0e-ff96-4739-9059-2763177d32f0,340143c3-8488-4ecd-97e6-9aa0d6f509c3,2024-04-18 23:58:08,2024-04-20 14:58:08,4705,AUD
e99b7f0e-ff96-4739-9059-2763177d32f0,1a66fa1a-b2d4-4fce-b929-02fe13c1a3da,2024-04-23 23:58:08,2024-04-25 21:58:08,8073,AUD
3e47a241-1dc8-4707-9647-ed5f0b645596,961ad8e4-bb43-4a32-b80f-29da2b2aa142,2024-07-03 21:50:01,2024-07-05 12:50:01,266,USD
3e47a241-1dc8-4707-9647-ed5f0b645596,4639e046-c0a6-4be7-9a1e-7bc505fa6180,2024-07-27 21:50:01,2024-07-27 23:50:01,3070,USD
3e47a241-1dc8-4707-9647-ed5f0b645596,bcef741b-cba8-4dbb-82eb-b2491b9de94a,2024-08-12 21:50:01,2024-08-14 05:50:01,7701,USD
3e47a241-1dc8-4707-9647-ed5f0b645596,479c8fba-3877-47fe-920d-65cf785dab83,2024-08-30 21:50:01,2024-08-31 14:50:01,8255,USD
3e47a241-1dc8-4707-9647-ed5f0b645596,04130f11-50fb-4d06-99e1-356bc52a3228,2024-09-29 21:50:01,2024-09-30 00:50:01,5157,USD
28862ebb-f2f5-4674-8f9b-a54f7e7bf436,1170e38a-2ccd-4688-b1eb-63b60f7543f4,2024-05-16 22:01:31,2024-05-18 08:01:31,3254,USD
28862ebb-f2f5-4674-8f9b-a54f7e7bf436,9b11ee81-163f-4e6f-8d8a-9aaa3346783f,2024-05-31 22:01:31,2024-06-02 22:01:31,5259,USD
28862ebb-f2f5-4674-8f9b-a54f7e7bf436,b7060484-352e-4474-8021-b5ba780e12c9,2024-06-19 22:01:31,2024-06-19 23:01:31,8665,USD
d96a7f80-bfec-4a0c-bbbf-0dfbf98f6a6b,a351c6dd-f07c-4a98-b9a3-0651d179b7c2,2024-11-30 02:26:48,2024-11-30 23:26:48,7476,USD
d96a7f80-bfec-4a0c-bbbf-0dfbf98f6a6b,c6574e2b-cddb-418d-aeec-5a847353102f,2024-12-04 02:26:48,2024-12-04 18:26:48,6460,USD
d96a7f80-bfec-4a0c-bbbf-0dfbf98f6a6b,5051a6ca-250c-4003-b550-6fa19d99fce9,2024-12-06 02:26:48,2024-12-07 13:26:48,9413,USD
d96a7f80-bfec-4a0c-bbbf-0dfbf98f6a6b,a7ea4d2b-c85d-4ce0-a461-4e1924b4cf68,2025-01-02 02:26:48,2025-01-02 19:26:48,3525,USD
d96a7f80-bfec-4a0c-bbbf-0dfbf98f6a6b,c670d625-3d53-4088-9766-9a9d77ff070f,2025-01-10 02:26:48,2025-01-10 11:26:48,8790,USD
4e070720-4602-4082-83cb-94594e253866,7454fab7-7ed4-434d-b504-97e1ea45bc3e,2024-04-19 15:44:39,2024-04-20 14:44:39,4213,CAD
4e070720-4602-4082-83cb-94594e253866,9f7b6822-eeaa-4c6c-b1e2-c725cf52eb56,2024-05-15 15:44:39,2024-05-17 13:44:39,4798,CAD
4e070720-4602-4082-83cb-94594e253866,b58df0ab-d442-46af-acdc-17bca07d6d30,2024-06-01 15:44:39,2024-06-01 17:44:39,9378,CAD
4e070720-4602-4082-83cb-94594e253866,eaa9c853-3f85-4a4e-8c42-b225532122ec,2024-06-09 15:44:39,2024-06-10 09:44:39,7825,CAD
f7851543-eda9-45fa-9e3b-de3b0805de23,51b7d1f4-c777-4fee-bdcc-9b42191e66f3,2024-05-21 09:41:18,2024-05-23 05:41:18,6829,USD
f7851543-eda9-45fa-9e3b-de3b0805de23,b0ec5b42-5761-4960-b00f-78a0c36e9613,2024-05-29 09:41:18,2024-05-30 08:41:18,4619,USD
f7851543-eda9-45fa-9e3b-de3b0805de23,e9bed1ba-26ed-44ac-867a-e63c09d4c29f,2024-05-30 09:41:18,2024-05-31 13:41:18,1785,USD
f7851543-eda9-45fa-9e3b-de3b0805de23,64e71f96-c14b-4cde-a543-2bf5a989192c,2024-06-16 09:41:18,2024-06-17 21:41:18,5131,USD
f7851543-eda9-45fa-9e3b-de3b0805de23,c3a90093-909a-4cd6-b4e7-2345407beb66,2024-06-19 09:41:18,2024-06-20 02:41:18,6733,USD
6a026b0e-cf37-4734-9521-a4770de751ca,9a17087a-1a14-413a-9491-6ba40cefc268,2024-05-04 23:05:40,2024-05-05 12:05:40,8568,USD
6a026b0e-cf37-4734-9521-a4770de751ca,9335c8e7-b41d-4848-a160-7a65c1fb17e7,2024-05-22 23:05:40,2024-05-23 05:05:40,1945,USD
6a026b0e-cf37-4734-9521-a4770de751ca,b2534b5d-4788-4cf4-8fed-119a6899f9eb,2024-06-19 23:05:40,2024-06-21 22:05:40,3802,USD
6a026b0e-cf37-4734-9521-a4770de751ca,d8bde09a-aec7-4adc-9f9b-9fbf267cb022,2024-06-22 23:05:40,2024-06-23 05:05:40,2785,USD
6a026b0e-cf37-4734-9521-a4770de751ca,7b96f5ee-1cd4-484c-a7f0-bd2aeb1744fe,2024-07-11 23:05:40,2024-07-12 14:05:40,8426,USD
3ad44c9a-2007-436a-b23e-ded23d77f898,060b1ecf-ab42-4291-88f0-9a84fc3d6e65,2024-07-11 03:35:50,2024-07-11 17:35:50,130,AUD
3ad44c9a-2007-436a-b23e-ded23d77f898,3a3c8e29-ec0f-4f26-809d-6a885315dae3,2024-07-14 03:35:50,2024-07-14 08:35:50,103,AUD
3ad44c9a-2007-436a-b23e-ded23d77f898,89dc72bd-a98b-48d4-b9c9-98d81ab50512,2024-08-11 03:35:50,2024-08-12 17:35:50,9714,AUD
3ad44c9a-2007-436a-b23e-ded23d77f898,edc6d4cf-82e5-424b-8cf4-6c95317b9a5c,2024-09-01 03:35:50,2024-09-02 20:35:50,8957,AUD
3ad44c9a-2007-436a-b23e-ded23d77f898,cc584be9-ce4b-4c52-8f49-c8ae4ec6ccaf,2024-09-10 03:35:50,2024-09-10 12:35:50,6195,AUD
feccdb15-7aa7-40f1-b424-07e04d4e35c6,b99e4f10-6935-4373-a9e5-4ee873cf3218,2024-09-16 12:17:20,2024-09-17 05:17:20,9443,GBP
2c50a91f-982c-465a-bf5d-48b86527a82a,058747ea-542c-43d0-8e03-59278bacb5bd,2024-07-16 08:36:40,2024-07-18 07:36:40,8087,USD
dfa1bf1a-c994-40c9-b4a2-2d4448c4a49c,11d789df-7336-4287-a4ff-ca2717cfb22a,2024-11-11 14:23:30,2024-11-13 02:23:30,259,CAD
dfa1bf1a-c994-40c9-b4a2-2d4448c4a49c,f2147423-b78d-4925-b439-0b27527f6d2b,2024-12-09 14:23:30,2024-12-10 14:23:30,9603,CAD
5be8a420-9af5-4f89-99d6-6acc1bb5a3ce,3c1c179c-ec41-4132-94ae-85fa662a30fc,2024-05-18 13:06:24,2024-05-18 17:06:24,5541,GBP
5be8a420-9af5-4f89-99d6-6acc1bb5a3ce,fa1685a8-320c-4254-ab4b-846f0cef0ffb,2024-06-11 13:06:24,2024-06-11 23:06:24,2015,GBP
5be8a420-9af5-4f89-99d6-6acc1bb5a3ce,5f036897-ac41-4d9b-a3cf-6fd583bb7d2f,2024-06-29 13:06:24,2024-06-30 13:06:24,3453,GBP
5be8a420-9af5-4f89-99d6-6acc1bb5a3ce,d308c908-4555-4381-986a-48fd5b426385,2024-07-16 13:06:24,2024-07-17 17:06:24,9771,GBP
5be8a420-9af5-4f89-99d6-6acc1bb5a3ce,f1aaa00d-68d7-4953-b4e0-22ba795d8618,2024-08-15 13:06:24,2024-08-16 19:06:24,6691,GBP
7e98cd91-4732-4f4e-9e97-a87866bb5ac7,a339290b-e5be-41ae-92b3-0906bd7e6f43,2025-01-30 08:20:28,2025-01-31 18:20:28,919,GBP
7e98cd91-4732-4f4e-9e97-a87866bb5ac7,3d36a959-259d-4497-9585-181f60fa59e3,2025-02-18 08:20:28,2025-02-18 15:20:28,1334,GBP
fa21e145-7fb2-4020-ba04-2bc4aca60a1e,34ec2423-7f6d-4c6a-9913-30180672ccce,2024-10-15 18:18:52,2024-10-16 14:18:52,3411,CAD
c9a88178-68f8-46f1-9e21-06abf6ccb607,eec31471-20d5-47cd-b49a-16388981c527,2025-01-13 15:58:22,2025-01-15 14:58:22,1685,GBP
c9a88178-68f8-46f1-9e21-06abf6ccb607,df254202-0c97-4849-805e-077ff4586477,2025-02-07 15:58:22,2025-02-08 06:58:22,1334,GBP
c9a88178-68f8-46f1-9e21-06abf6ccb607,b401569a-b17f-48c4-a5d3-56358bc729bc,2025-02-18 15:58:22,2025-02-18 20:58:22,9139,GBP
c9a88178-68f8-46f1-9e21-06abf6ccb607,1aa28e7f-9abc-4bf3-94b8-c40df0d59114,2025-03-12 15:58:22,2025-03-13 14:58:22,799,GBP
7a5717aa-9655-41ca-bd04-21a46aa425f8,aaf19d58-ee89-46ff-b761-0027f5fa4506,2024-10-28 05:03:39,2024-10-29 07:03:39,2158,AUD
7a5717aa-9655-41ca-bd04-21a46aa425f8,ad51cf01-609b-4aaf-a844-1ce68cc21f95,2024-11-21 05:03:39,2024-11-21 20:03:39,945,AUD
7a5717aa-9655-41ca-bd04-21a46aa425f8,71695367-0660-44c4-96ff-04bcd4c62731,2024-11-30 05:03:39,2024-11-30 15:03:39,9751,AUD
ea2703b1-5995-4e62-bafe-b61a1050e913,69b135c8-69cb-4193-bbc1-193821fb1cbe,2024-05-02 08:00:17,2024-05-03 00:00:17,139,GBP
ea2703b1-5995-4e62-bafe-b61a1050e913,1eaf63a4-2bc9-416b-ab15-1bc8ed1ba4fe,2024-05-10 08:00:17,2024-05-12 02:00:17,7895,GBP
ea2703b1-5995-4e62-bafe-b61a1050e913,9d76f326-3794-46ab-9b30-53d62ed6b2dc,2024-06-02 08:00:17,2024-06-02 22:00:17,937,GBP
ea2703b1-5995-4e62-bafe-b61a1050e913,5a2d4334-7d09-4d01-bdae-f2f66c414cb3,2024-06-15 08:00:17,2024-06-17 08:00:17,8596,GBP
ea2703b1-5995-4e62-bafe-b61a1050e913,3c6b8ed6-148f-4a2a-9026-b3e0b5e471d8,2024-07-01 08:00:17,2024-07-02 21:00:17,9643,GBP
889dd245-90a3-493c-af00-58017c5062f9,b38f9338-c496-40e7-b98a-3187d9f152de,2025-02-13 16:31:36,2025-02-14 04:31:36,338,CAD
f9f9f43b-dc63-4718-a1c0-555128bf5d72,f976c85e-808b-4d22-b9e6-400c13677bbd,2024-10-11 11:14:03,2024-10-13 03:14:03,9107,CAD
debfa569-0112-4198-8f4a-2c8d357dcaa7,78d58b81-1d7b-4914-a1e9-a3cebd63d5a6,2024-08-13 08:53:34,2024-08-14 09:53:34,1076,USD
debfa569-0112-4198-8f4a-2c8d357dcaa7,da8a209d-e0e9-4a34-87f5-7b0b523ef73e,2024-08-19 08:53:34,2024-08-20 18:53:34,8381,USD
7cc0ca96-c358-4ae3-8859-7e58e092dfbc,229f6d2f-38e7-48c7-8e59-362af8f05243,2024-07-12 12:38:35,2024-07-14 08:38:35,3153,CAD
7cc0ca96-c358-4ae3-8859-7e58e092dfbc,e31a0b09-e6ae-4273-a560-811d3e869b3c,2024-08-09 12:38:35,2024-08-10 00:38:35,2023,CAD
7cc0ca96-c358-4ae3-8859-7e58e092dfbc,39a5501d-79ba-4969-9932-98d56bdfaa04,2024-08-22 12:38:35,2024-08-23 11:38:35,5123,CAD
440ed331-e481-4c1f-815f-686a998f847a,4a6a4c42-cea3-426b-85e6-06ac6ed78c14,2024-07-02 10:38:15,2024-07-02 11:38:15,2725,GBP
440ed331-e481-4c1f-815f-686a998f847a,b2b5a060-5c27-4196-8315-1d7f357fbcb9,2024-07-13 10:38:15,2024-07-13 23:38:15,7645,GBP
440ed331-e481-4c1f-815f-686a998f847a,3d8672d3-bb9c-4f18-a4e0-3ce5d2852e72,2024-08-07 10:38:15,2024-08-07 20:38:15,1694,GBP
62939901-b6f8-4ce9-bc8c-191fbae55488,57b6032e-dd41-410d-8422-17a829aeb62b,2024-09-15 19:18:06,2024-09-16 17:18:06,1374,GBP
62939901-b6f8-4ce9-bc8c-191fbae55488,4c76ff1a-b5a0-49d1-bc7f-869da04ddbc6,2024-10-11 19:18:06,2024-10-12 12:18:06,7514,GBP
62939901-b6f8-4ce9-bc8c-191fbae55488,a230b687-38eb-4c65-ab0b-e13f41758782,2024-10-21 19:18:06,2024-10-22 16:18:06,2885,GBP
62939901-b6f8-4ce9-bc8c-191fbae55488,51e8f4b7-db29-445d-824b-04f886f27f89,2024-10-24 19:18:06,2024-10-26 06:18:06,9558,GBP
62939901-b6f8-4ce9-bc8c-191fbae55488,6cd3dd47-1056-4c04-b496-fb4d7cda982b,2024-11-17 19:18:06,2024-11-18 13:18:06,9369,GBP
f89e6bea-68b5-457f-8919-203c05cddbd9,d1542463-583e-4c95-a247-d8081966eb81,2024-10-30 08:28:12,2024-10-30 20:28:12,3680,USD
93e63f7f-d16f-43d9-ba08-b225d93aa203,be398fad-0026-4335-aa54-3a677a3fac47,2024-02-21 15:52:28,2024-02-21 17:52:28,1975,AUD
93e63f7f-d16f-43d9-ba08-b225d93aa203,462d92c7-c34a-4076-8d4f-ea7a7faf7e0d,2024-02-24 15:52:28,2024-02-25 00:52:28,8031,AUD
93e63f7f-d16f-43d9-ba08-b225d93aa203,81569837-a2df-4efd-b938-8a37c5acd40a,2024-03-17 15:52:28,2024-03-19 02:52:28,7750,AUD
93e63f7f-d16f-43d9-ba08-b225d93aa203,1c7bde21-7dc6-491b-b0d3-2eadf071c58d,2024-03-31 15:52:28,2024-04-02 13:52:28,9582,AUD
903a1a3e-7efe-439f-8feb-462107ab3bca,8a27543f-9e34-4282-9868-2cb0d517722d,2024-05-12 21:31:59,2024-05-14 15:31:59,8101,USD
903a1a3e-7efe-439f-8feb-462107ab3bca,f2a846e8-4f79-4b8a-af71-abd747b2eca3,2024-05-18 21:31:59,2024-05-19 00:31:59,5071,USD
903a1a3e-7efe-439f-8feb-462107ab3bca,1eb9eb81-8307-495c-8890-f090eae51810,2024-05-25 21:31:59,2024-05-27 21:31:59,4724,USD
a2bb5328-f036-4237-aa45-3239118fb7a1,fb45f3bc-9287-46d9-9b9c-9740b65ff1c6,2024-09-02 16:22:17,2024-09-04 07:22:17,3240,GBP
a2bb5328-f036-4237-aa45-3239118fb7a1,ff5e8499-9e5b-42c7-bc3f-1b063e63723c,2024-09-08 16:22:17,2024-09-10 02:22:17,5229,GBP
a2bb5328-f036-4237-aa45-3239118fb7a1,bf97f2f8-a02e-464a-a989-cb9de975ca04,2024-10-05 16:22:17,2024-10-06 16:22:17,2651,GBP
cceef38c-8851-483b-bcc1-df443e07cdb1,4a73b8be-abe7-42f9-99f1-d031fbd7aec6,2024-05-17 17:07:30,2024-05-18 09:07:30,6021,USD
cceef38c-8851-483b-bcc1-df443e07cdb1,58c7032a-3a84-4a72-aa66-a5c69fc80ff7,2024-05-23 17:07:30,2024-05-24 11:07:30,8402,USD
cceef38c-8851-483b-bcc1-df443e07cdb1,8492f5d7-4652-4a0c-8e30-c96d6c6f0e41,2024-06-03 17:07:30,2024-06-04 12:07:30,612,USD
8036b762-f746-483a-8edb-19e501de3967,f1de8a2c-26ff-4e98-8355-b565dd55f870,2024-09-27 07:11:43,2024-09-28 05:11:43,2833,CAD
8036b762-f746-483a-8edb-19e501de3967,f099595b-ce76-44e0-b82f-e4d3e86b341c,2024-10-13 07:11:43,2024-10-14 22:11:43,7869,CAD
8036b762-f746-483a-8edb-19e501de3967,17ba4787-a4ec-4ccb-ab32-a057f8782699,2024-10-20 07:11:43,2024-10-20 17:11:43,2424,CAD
8036b762-f746-483a-8edb-19e501de3967,9df264a5-c833-4090-9ad9-d395ea79f3df,2024-11-10 07:11:43,2024-11-11 13:11:43,2997,CAD
8036b762-f746-483a-8edb-19e501de3967,f082653f-657f-42d7-b249-2f2d68c1e223,2024-12-07 07:11:43,2024-12-09 00:11:43,3040,CAD
02eae8f3-6a6e-47e1-b1af-bad3bdac0c7c,263bf0ed-7d71-4d97-8ef8-9788e912f79f,2024-03-23 15:48:41,2024-03-24 09:48:41,1013,AUD
02eae8f3-6a6e-47e1-b1af-bad3bdac0c7c,cdb7abac-636b-4322-a7cf-f87b72c06aa0,2024-03-25 15:48:41,2024-03-26 04:48:41,503,AUD
02eae8f3-6a6e-47e1-b1af-bad3bdac0c7c,90859740-dce0-40c3-9b37-fa6494a52cfb,2024-04-04 15:48:41,2024-04-06 13:48:41,258,AUD
02eae8f3-6a6e-47e1-b1af-bad3bdac0c7c,04c9d770-5eda-4b23-8ff3-41307fe6c209,2024-04-28 15:48:41,2024-04-30 08:48:41,7364,AUD
7c338c61-52e0-484e-9a19-250cd1e7facc,a29f78a6-a42f-470a-b2ea-deffca0b4b3d,2024-06-19 14:11:26,2024-06-20 21:11:26,3980,GBP
c34d911a-2ed8-4637-ae36-4126228f7b82,a4280e19-7ca4-4197-8e3a-8e6a7ad0bbe5,2024-10-27 11:45:25,2024-10-28 00:45:25,4138,GBP
c34d911a-2ed8-4637-ae36-4126228f7b82,e4f8afcd-7085-4c29-976f-a66145eb3ebd,2024-10-28 11:45:25,2024-10-28 17:45:25,3827,GBP
36cd11d6-daf0-432f-862a-d7ed38fc8219,1203d26e-21ee-42ba-9379-755d05c93aec,2024-06-23 14:45:38,2024-06-25 05:45:38,2645,AUD
36cd11d6-daf0-432f-862a-d7ed38fc8219,d5d58900-9ba0-4979-b7ef-c503a25f992e,2024-07-02 14:45:38,2024-07-03 12:45:38,5501,AUD
36cd11d6-daf0-432f-862a-d7ed38fc8219,7b45286b-7cfe-4f7e-bc62-fc15285dde1f,2024-07-09 14:45:38,2024-07-10 22:45:38,1794,AUD
36cd11d6-daf0-432f-862a-d7ed38fc8219,72b653c4-4672-4b85-beb5-5b7bc0263976,2024-07-23 14:45:38,2024-07-24 09:45:38,2416,AUD
36cd11d6-daf0-432f-862a-d7ed38fc8219,feb0d380-b573-489e-b739-17f4aa92da35,2024-07-31 14:45:38,2024-08-02 14:45:38,4490,AUD
075fc665-2350-46c7-a449-5d11d88163df,65c3783c-0bcb-49ac-bc5e-96d2fe314df8,2024-12-30 22:49:52,2024-12-31 07:49:52,9366,USD
3f8060e6-94d9-48b9-8747-ddca5e3b619c,ac99371d-5d71-4593-b0c3-0a0ec2028429,2024-05-20 16:53:00,2024-05-21 09:53:00,4748,GBP
3f8060e6-94d9-48b9-8747-ddca5e3b619c,85238917-5706-43ac-a174-e12bcdb19218,2024-05-28 16:53:00,2024-05-28 22:53:00,991,GBP
3f8060e6-94d9-48b9-8747-ddca5e3b619c,bc8ece19-ac78-452b-9e92-c0c4735930cf,2024-06-02 16:53:00,2024-06-03 02:53:00,4746,GBP
3f8060e6-94d9-48b9-8747-ddca5e3b619c,06d074b7-8624-4b3c-a732-17121cd56d23,2024-06-05 16:53:00,2024-06-06 23:53:00,1997,GBP
a554f17a-9841-4881-b1e9-9ca3ff7ab7a9,f171da53-e04b-4417-90aa-5aa97a187cc2,2024-12-19 03:27:36,2024-12-20 16:27:36,6667,AUD
a554f17a-9841-4881-b1e9-9ca3ff7ab7a9,0a1b2f60-76b3-4821-8f6c-5bd5c0ee2ad5,2025-01-11 03:27:36,2025-01-11 17:27:36,1356,AUD
ef53b245-3e7c-4e27-b6cc-de59dbf444cf,213a881c-58cd-415d-ac9e-9ea9b51a2795,2025-01-11 19:10:26,2025-01-12 00:10:26,4781,USD
ef53b245-3e7c-4e27-b6cc-de59dbf444cf,30155a8c-0555-4454-924a-d58a5c863f06,2025-01-13 19:10:26,2025-01-14 22:10:26,9321,USD
9115bc00-608c-4bf9-af98-c5bd6e3aca5e,2d799b3e-fcbe-46b8-8c55-89822c824f83,2024-07-20 08:34:15,2024-07-21 08:34:15,9753,USD
9115bc00-608c-4bf9-af98-c5bd6e3aca5e,ec478217-2c2a-4ccc-84d3-dd3c14065268,2024-08-15 08:34:15,2024-08-16 17:34:15,4415,USD
9115bc00-608c-4bf9-af98-c5bd6e3aca5e,aaa2bd20-c81a-4f0c-84dc-4276f5000e1b,2024-09-13 08:34:15,2024-09-15 05:34:15,8381,USD
e031c22b-21f4-4f7c-bf09-cc094506a1b5,c08f5135-ac68-4f5f-8294-3d409023b7db,2024-12-13 00:07:35,2024-12-14 00:07:35,4550,AUD
e031c22b-21f4-4f7c-bf09-cc094506a1b5,c5647401-32fe-482c-9d3d-a873b0b6f7d5,2024-12-21 00:07:35,2024-12-21 20:07:35,2288,AUD
e031c22b-21f4-4f7c-bf09-cc094506a1b5,869b9ba1-03d3-45ba-b86d-694a076b1b84,2025-01-01 00:07:35,2025-01-01 22:07:35,2708,AUD
e031c22b-21f4-4f7c-bf09-cc094506a1b5,e7ef994e-0d09-41cd-a420-9aecc2bc85f8,2025-01-05 00:07:35,2025-01-06 02:07:35,1985,AUD
25de3d8f-7967-4e1c-aaef-272aebf6b7b8,f05c0055-e449-499e-8573-1a92988c4fb1,2024-12-28 14:30:55,2024-12-29 08:30:55,3619,USD
522ba05d-5970-4b3a-a37c-254eee0dac9d,29393ab8-c628-4ad3-aa8a-46ed045014f9,2025-01-22 10:29:20,2025-01-24 04:29:20,6901,AUD
522ba05d-5970-4b3a-a37c-254eee0dac9d,5990deb4-1ec5-4ec3-aac3-15d83c891795,2025-02-05 10:29:20,2025-02-05 22:29:20,1402,AUD
522ba05d-5970-4b3a-a37c-254eee0dac9d,4cab8caa-3660-4bd5-829b-0adcdfba8ee8,2025-02-15 10:29:20,2025-02-15 20:29:20,2360,AUD
522ba05d-5970-4b3a-a37c-254eee0dac9d,9322b2c6-a028-4031-bcd4-b74b2cf4607c,2025-03-01 10:29:20,2025-03-02 00:29:20,5519,AUD
82fc6dff-dfb7-42ab-8971-bc695da81127,f9a991fb-937e-44e4-9ec6-050742afa9cb,2024-07-08 01:24:16,2024-07-08 12:24:16,1841,GBP
82fc6dff-dfb7-42ab-8971-bc695da81127,2976b468-cf0b-4db6-8bb6-8e454620290c,2024-07-10 01:24:16,2024-07-10 23:24:16,779,GBP
82fc6dff-dfb7-42ab-8971-bc695da81127,882733bc-fe4e-427a-b740-24ac48333660,2024-08-01 01:24:16,2024-08-02 14:24:16,9841,GBP
82fc6dff-dfb7-42ab-8971-bc695da81127,00914187-59ea-4c44-9e54-5d5f3e6fde86,2024-08-12 01:24:16,2024-08-13 04:24:16,4170,GBP
0781421f-47ea-4439-999f-8e460e3fecc8,54d84cfd-56e9-4f3e-abb3-b40615c9ac95,2024-08-23 13:04:50,2024-08-24 22:04:50,2366,USD
69b63243-5aec-474e-8b05-5ca5f938b35d,8eb75ba5-91d3-455b-becd-b005dd0d228d,2024-06-01 17:26:52,2024-06-03 15:26:52,2603,USD
69b63243-5aec-474e-8b05-5ca5f938b35d,e5dea0b4-6068-437c-b025-3234259982b9,2024-06-05 17:26:52,2024-06-06 15:26:52,8457,USD
69b63243-5aec-474e-8b05-5ca5f938b35d,21345d71-6287-4102-8e2d-8eb863627a29,2024-07-03 17:26:52,2024-07-04 23:26:52,643,USD
69b63243-5aec-474e-8b05-5ca5f938b35d,8219a72d-8342-4858-8faa-e02fd145c076,2024-07-21 17:26:52,2024-07-22 13:26:52,9996,USD
69b63243-5aec-474e-8b05-5ca5f938b35d,6d5471c9-c821-4fa8-b236-664d1bb9ab31,2024-08-08 17:26:52,2024-08-09 01:26:52,2168,USD
7e6086a6-b3cf-423b-8f42-b471b9fca473,dd8deb64-e457-4cce-9853-63a29fd00d65,2024-06-11 21:13:30,2024-06-12 18:13:30,1423,GBP
7e6086a6-b3cf-423b-8f42-b471b9fca473,9bdcb959-32a8-4f01-83b0-3e364dd482bf,2024-06-13 21:13:30,2024-06-15 19:13:30,1241,GBP
7e6086a6-b3cf-423b-8f42-b471b9fca473,2a035ab2-8960-4eaf-92b5-959d3571b0db,2024-07-10 21:13:30,2024-07-11 05:13:30,258,GBP
7e6086a6-b3cf-423b-8f42-b471b9fca473,631aff93-ac69-4f14-a0cf-c44029abfb46,2024-08-06 21:13:30,2024-08-08 00:13:30,1009,GBP
7e6086a6-b3cf-423b-8f42-b471b9fca473,6b50c80e-5dec-4009-b77d-358bb846aa10,2024-08-17 21:13:30,2024-08-19 07:13:30,5926,GBP
3c37ea49-97a9-42c1-98d0-984637c1f82e,02721258-c9a1-455f-ba6f-70a2f6477872,2024-10-23 01:25:22,2024-10-23 09:25:22,6306,USD
3fa33217-87db-49e7-b6ec-724c53efda91,bcd2a469-b53d-486f-8f9a-0e437e695ef3,2024-12-22 05:00:02,2024-12-24 01:00:02,764,GBP
3fa33217-87db-49e7-b6ec-724c53efda91,2f07805e-b0bd-44c7-8881-4564b12341c6,2025-01-18 05:00:02,2025-01-18 10:00:02,1510,GBP
3fa33217-87db-49e7-b6ec-724c53efda91,2fcb8e56-1a93-42ec-8b10-1f453626edc9,2025-01-30 05:00:02,2025-01-31 17:00:02,6966,GBP
3fa33217-87db-49e7-b6ec-724c53efda91,9ea795f9-e782-4c70-aa56-e3d60e95ff24,2025-01-31 05:00:02,2025-01-31 19:00:02,8992,GBP
bdcabea4-603d-427c-a959-24aded0aa84c,aae93b81-5f83-4f6b-8e9b-8ccc3d294345,2024-06-18 04:54:34,2024-06-18 12:54:34,8501,CAD
bdcabea4-603d-427c-a959-24aded0aa84c,92081b4e-79f6-4a7d-9dbd-9e2c41b5b8b9,2024-07-14 04:54:34,2024-07-14 05:54:34,4896,CAD
bdcabea4-603d-427c-a959-24aded0aa84c,eb577709-501d-4481-8cf6-11eda8c7081f,2024-08-05 04:54:34,2024-08-07 01:54:34,7093,CAD
bdcabea4-603d-427c-a959-24aded0aa84c,812b16e9-174e-4eb5-a558-311e5ad2e8bf,2024-08-12 04:54:34,2024-08-12 22:54:34,1532,CAD
1a9491df-1474-419d-9260-712a5cc72088,935b3160-f5a7-49a1-b048-98ce73c3ba5f,2024-10-27 14:46:15,2024-10-28 18:46:15,2285,AUD
1a9491df-1474-419d-9260-712a5cc72088,0e3208c2-2d69-40fb-b3db-6b134d814f3c,2024-11-09 14:46:15,2024-11-10 05:46:15,2788,AUD
1a9491df-1474-419d-9260-712a5cc72088,24c3cd53-a8c8-4d69-9ade-0422f46b242c,2024-11-30 14:46:15,2024-12-01 13:46:15,9524,AUD
1a9491df-1474-419d-9260-712a5cc72088,469fa29b-fbfa-42d1-b204-33bd254a4296,2024-12-17 14:46:15,2024-12-19 10:46:15,5867,AUD
1a9491df-1474-419d-9260-712a5cc72088,4e39ad16-39a6-4222-8a18-d4c0f42f5c82,2025-01-09 14:46:15,2025-01-10 10:46:15,2906,AUD
fb8d97b0-bbbc-465a-94ad-727366c1cad8,8dcc4572-b95d-48d8-ab1d-f46884e867cc,2024-07-29 15:22:39,2024-07-30 04:22:39,9971,CAD
fb8d97b0-bbbc-465a-94ad-727366c1cad8,74799525-b070-4c43-a0b8-fee3fcfbc8ae,2024-08-14 15:22:39,2024-08-16 09:22:39,6490,CAD
fb8d97b0-bbbc-465a-94ad-727366c1cad8,a2442d32-790d-4d4b-ad6e-bfce7bf0d14d,2024-09-02 15:22:39,2024-09-04 04:22:39,542,CAD
fb8d97b0-bbbc-465a-94ad-727366c1cad8,4019a256-fd72-441a-ad93-86db78578cab,2024-09-22 15:22:39,2024-09-23 07:22:39,2974,CAD
fb8d97b0-bbbc-465a-94ad-727366c1cad8,79affe1c-07f9-4afe-ba54-a036c4972019,2024-10-21 15:22:39,2024-10-22 05:22:39,6869,CAD
fb0e0e55-aecd-474a-87e2-798fdcd4ff30,764438e2-bb04-4430-90d7-a987f706ed7b,2025-02-16 17:28:36,2025-02-16 22:28:36,5779,GBP
fb0e0e55-aecd-474a-87e2-798fdcd4ff30,ec23a3fd-4981-4904-9b67-c5bc7cf25d3c,2025-02-18 17:28:36,2025-02-19 15:28:36,2250,GBP
fb0e0e55-aecd-474a-87e2-798fdcd4ff30,df8ffec7-c1ff-4f73-a34d-3e1a8b2f6aec,2025-02-21 17:28:36,2025-02-22 02:28:36,1903,GBP
fb0e0e55-aecd-474a-87e2-798fdcd4ff30,d43d5a4c-b071-42eb-89c8-685308a3ca44,2025-02-25 17:28:36,2025-02-26 06:28:36,9846,GBP
fb0e0e55-aecd-474a-87e2-798fdcd4ff30,0a00029d-7d7b-48f5-b73f-603c16956bdd,2025-03-22 17:28:36,2025-03-24 09:28:36,1892,GBP
36e574b2-90a7-4326-ab05-3c79efe2cb30,bd3501a0-f6f5-42a8-992d-a41311779825,2024-12-18 16:57:56,2024-12-19 13:57:56,4899,GBP
36e574b2-90a7-4326-ab05-3c79efe2cb30,8403745c-b77c-492f-8457-f26e6b9d1edc,2024-12-29 16:57:56,2024-12-30 06:57:56,799,GBP
36e574b2-90a7-4326-ab05-3c79efe2cb30,186b04e0-b8fc-4b39-8cf1-90d1b3f65fe9,2024-12-30 16:57:56,2024-12-30 23:57:56,3677,GBP
36e574b2-90a7-4326-ab05-3c79efe2cb30,ae777cb3-1987-4fe9-ab39-2da8a3799a30,2025-01-29 16:57:56,2025-01-30 05:57:56,4127,GBP
3a55c8e3-2b47-40ba-acd2-7f8dde5755f6,6753ee07-d2ce-42b0-8ac7-e7d80ce16ae2,2024-03-31 16:41:47,2024-04-01 20:41:47,6209,CAD
