account_id,invoice_id,transaction_id,transaction_time,payment_method,amount,currency
607cd637-6b7e-4ef6-afcd-cb0b46c52ab0,5b7f5747-2669-4c6e-b5ba-6da1de7552e3,ee78f6b5-01ed-4e53-afea-c3027fc410d7,2024-11-16 17:18:41,Cheque,7632,CAD
607cd637-6b7e-4ef6-afcd-cb0b46c52ab0,492715ad-3367-4ca9-92dc-e8dc18d2fb6a,88bc7a75-bd68-48f6-9fb1-e3d3d89c92b9,2024-12-14 08:18:41,Credit Card,8566,CAD
607cd637-6b7e-4ef6-afcd-cb0b46c52ab0,e57b06d3-f384-4257-b718-c2a78a6620ab,b14e740e-986a-4b04-aa59-c6c76f2cc524,2025-01-15 11:18:41,Cheque,4836,CAD
607cd637-6b7e-4ef6-afcd-cb0b46c52ab0,eeea0d29-53f3-4755-ae8c-ba47cfc05532,d889d5ed-619b-4ff1-96a0-bd84b25dc03b,2025-01-18 06:18:41,Cheque,9202,CAD
607cd637-6b7e-4ef6-afcd-cb0b46c52ab0,ec657d94-5f04-4764-88e3-90dd3fb14ea9,bc16b496-621f-4c4c-885c-dd784731c89d,2025-02-14 09:18:41,Cash,2277,CAD
5a7439c5-62be-4c2e-965d-2277748f9319,bc63d642-6b18-4cda-bdea-00d5b5a4ec6f,5f5050a8-9dbb-4f6a-8d7f-e5fd55545e9c,2024-07-04 08:48:23,Credit Card,2234,CAD
5a7439c5-62be-4c2e-965d-2277748f9319,55eb7bdc-e748-46ab-ad62-f814a02b6d74,478a8c5d-7d19-48f8-a9b6-0d71227526be,2024-07-17 21:48:23,Cash,3497,CAD
52493410-8ed1-443c-a87d-e5de07ddb622,41d045d4-f7a5-4c8a-85d5-193557b86abd,44f821ec-1990-4c81-9ea4-db2a9f9dde2c,2025-02-03 16:21:13,ACH,4102,CAD
52493410-8ed1-443c-a87d-e5de07ddb622,abd7bf1b-4f22-459c-a425-d402e37c9080,0d8e2ae5-5a7c-43e9-831f-bcf46716746c,2025-02-08 12:21:13,Credit Card,7989,CAD
d085ba68-f655-4dc2-b0d6-52168f5fb4cb,571ade7f-3909-4eb3-8886-98931c495b37,a2b44fa4-1960-4de2-975f-ed1f6a1b026b,2024-12-12 04:53:31,ACH,964,AUD
d085ba68-f655-4dc2-b0d6-52168f5fb4cb,1cf7358d-9182-4da1-a736-b3db8a53e89f,b95d8041-bc88-412c-ba1d-12799c94612e,2025-01-11 01:53:31,ACH,9664,AUD
3784c74a-4169-433b-955b-1a31bedd0dec,c64e58d3-5460-458b-9069-3cf93aca64bc,d2193d49-c418-4c63-9814-d14da35e375d,2024-11-25 02:46:30,Credit Card,9780,USD
97320da9-a98c-4bf0-80bc-8d9effdf52e3,9adfa542-36eb-428c-a03e-5ce57558265d,597d4007-2fe3-4cf2-939e-867b89f10094,2024-10-06 15:34:37,Credit Card,8846,GBP
97320da9-a98c-4bf0-80bc-8d9effdf52e3,ff9af434-dfe0-4df6-a51f-43db981082cd,717b2f1d-9e8a-4f1c-9c24-7f3005393f12,2024-10-22 10:34:37,ACH,9132,GBP
97320da9-a98c-4bf0-80bc-8d9effdf52e3,4126ee23-0ebb-488a-aedf-fb5a1a6c99f0,489fc24a-1811-4ef0-be53-7399586c3169,2024-11-19 23:34:37,Paypal,6905,GBP
97320da9-a98c-4bf0-80bc-8d9effdf52e3,104b3dd6-40ad-4481-8502-ee43a42b962b,598d031d-7efc-4c05-9726-751f80ad5117,2024-12-17 23:34:37,Paypal,1413,GBP
281bda77-b6aa-49d3-8cdc-5452ffce3e61,7aee3d36-bfda-48a9-b714-08ccc8bdaef9,06f24824-f7f1-4c58-8a15-d1e1d1ef3f15,2024-12-13 00:11:53,ACH,624,USD
281bda77-b6aa-49d3-8cdc-5452ffce3e61,e5667d85-0cc1-4f39-9463-3a7a611b20d6,15284f6e-68b3-4d3f-8e65-162422aec69f,2025-01-08 20:11:53,Cheque,6664,USD
281bda77-b6aa-49d3-8cdc-5452ffce3e61,5aaf7b03-f8ac-41dd-96f2-a8391382636e,86f022ec-2d8c-43bd-a48b-f4bca0577ded,2025-02-10 19:11:53,ACH,6431,USD
3a2465a5-efe1-477b-a321-d9f1db74d2cf,b86970e9-615c-4ac8-8e77-2a4f9aa410dc,a844cea6-d527-4684-8b72-d2c449e2899f,2025-01-05 10:06:11,Paypal,4018,GBP
3a2465a5-efe1-477b-a321-d9f1db74d2cf,16410a15-018a-4c78-8619-87c28c7ba3df,f666cc9e-7b9b-4e61-a141-3f5c75a16e4d,2025-01-24 23:06:11,Cheque,7943,GBP
3a2465a5-efe1-477b-a321-d9f1db74d2cf,62568261-7bad-4932-8c4a-79bed10d697f,728637f6-e4de-4efd-a2fb-8e27bce840c4,2025-01-28 10:06:11,Credit Card,1063,GBP
3a2465a5-efe1-477b-a321-d9f1db74d2cf,5eb8939d-f2d8-49d8-ac54-33f14384b0fe,995f1e34-5037-44db-b678-6c7b0d7fdc6f,2025-02-21 06:06:11,Credit Card,9071,GBP
3a2465a5-efe1-477b-a321-d9f1db74d2cf,faec4e7d-ea7c-4984-861b-688acfde08d3,61a4741b-9d1e-4cb6-ba17-3033f7ee62f0,2025-03-01 03:06:11,ACH,6925,GBP
995011a6-0f3a-49b3-a511-296a19e86f9f,1c5a971f-1681-42d3-931c-54a6d0140ce9,ee411188-0b18-4861-a90b-746d586638b9,2025-01-06 17:54:50,Cheque,418,GBP
a30c9d71-5482-4be4-8d00-d293ecaf6431,44bbf4e4-54cb-4089-9251-30142639d4f8,db7e60b8-ba47-440f-8dd5-35e1e3800316,2024-05-06 23:03:48,Credit Card,5818,AUD
0229253a-642f-433e-8c0b-f67fb905b165,8e4fd390-903c-40ac-b1f6-7a970a3a69ea,f94656f6-6432-415a-aace-2397853f784b,2024-06-24 00:20:19,Cash,7497,CAD
d5679769-c49f-43af-83a4-d8ac90b63cb0,7f29f24c-8142-4b5f-a8e4-3bd59382c04c,73d0777d-d7f1-4dc5-a9cc-2afd7543b87c,2025-02-04 09:08:56,Cheque,2395,USD
d5679769-c49f-43af-83a4-d8ac90b63cb0,35cfb13c-ba47-4e7a-9918-c3ba79dea577,d9b68d6d-fa60-4936-a73a-50999a9f11fb,2025-02-19 15:08:56,ACH,6519,USD
d5679769-c49f-43af-83a4-d8ac90b63cb0,81e438c3-d8e6-4a6b-8a33-d3b625c89e11,bdc4cc23-9f6b-4297-a42a-3bbdbbae0581,2025-03-19 06:08:56,Credit Card,1640,USD
408f1b39-0805-4e6a-a1fb-035f9f541493,6aec6786-41d1-4a18-a23d-a4e279aa6ebc,cca5f2e4-cfdc-42ed-abd2-a12b791670f9,2024-11-19 21:51:55,Credit Card,8429,GBP
408f1b39-0805-4e6a-a1fb-035f9f541493,2ef65d39-d041-4af0-8caa-4f242cc56ad3,82ff6c38-a520-4fe5-ac2e-a4fac5d5637e,2024-12-17 10:51:55,Cash,1118,GBP
3a1ebd38-801b-4b96-a9ff-41d69ad3e63a,5e5cd856-998a-4ace-b665-b1dd00002b21,18b5b9cc-9e16-482f-b43f-9965194df52b,2024-12-24 15:53:39,Cheque,4080,CAD
3a1ebd38-801b-4b96-a9ff-41d69ad3e63a,46f64cc3-2b0a-4d40-82c3-6d10b1958ba5,a18b7ee4-8c5b-417e-9c46-edaf2e5bd073,2024-12-30 22:53:39,ACH,5423,CAD
3a1ebd38-801b-4b96-a9ff-41d69ad3e63a,4558666f-f8ed-46ed-ad75-3bde2b0c06d7,52b26a39-95d3-4c0a-8452-bb635f1b1a05,2025-01-02 08:53:39,Cheque,7730,CAD
3a1ebd38-801b-4b96-a9ff-41d69ad3e63a,86096c88-452e-429d-b368-618ac007d95c,9ef083a7-467f-417d-90b2-5059145d0480,2025-01-18 15:53:39,Credit Card,8101,CAD
93f16e6e-c503-4b90-83de-06b96a5cfec7,9d85d6ad-6794-47c2-bd43-fbc794b41865,c4770f93-588e-4720-9040-0fd7058a0aaa,2024-08-17 04:15:06,Credit Card,7171,USD
93f16e6e-c503-4b90-83de-06b96a5cfec7,398761ac-48ce-4d33-a20c-315e46ca7bcd,91b7992a-ea8f-4ce7-b5f7-3921fa4bedfe,2024-08-28 03:15:06,Paypal,6564,USD
c18da95d-bb11-49b7-960a-6f70793a2216,3d5e40dd-dcc7-40be-8f6b-0991ebf595a8,a456a1ea-7c01-4591-a8a6-6b209b415a74,2024-12-30 19:51:03,Cash,1412,GBP
2a21293a-5a66-46ea-af40-65c0ef0c282d,6706bb28-1d1a-4751-85b1-3f2e350feb04,30e0c119-11e0-4559-97c2-414e9e2162d4,2024-12-15 07:12:04,ACH,731,USD
2a21293a-5a66-46ea-af40-65c0ef0c282d,68f00848-7bf4-45b8-b5af-1dba735b1c9b,b6684c52-ce4b-4cc4-a752-8c23512c53f6,2025-01-03 18:12:04,Credit Card,4407,USD
2a21293a-5a66-46ea-af40-65c0ef0c282d,68cefc0a-6539-470f-a40e-01802d19c384,790a8be3-387e-48bd-872f-48ddc77e2a63,2025-02-01 00:12:04,Cash,1964,USD
2a21293a-5a66-46ea-af40-65c0ef0c282d,e42961f9-0c6f-4323-b0c8-667b5fc51e17,6184bacc-12d6-452a-9d1e-e5eb49328608,2025-02-26 14:12:04,ACH,6695,USD
e76e996b-0dc0-4775-8984-24de50f783c4,811a422e-2b52-4595-8f6b-b60630ad7893,fc328f12-f64e-4a6d-a7fb-08c5c24d7f76,2024-04-10 11:37:17,ACH,6035,USD
e76e996b-0dc0-4775-8984-24de50f783c4,0d74234d-abe2-4b5c-8f9a-051d32c2a305,af64a9c7-e2fd-478d-bf85-0989651dcf5c,2024-04-24 17:37:17,ACH,4346,USD
e76e996b-0dc0-4775-8984-24de50f783c4,29e7cf61-af43-4ac3-882a-5791ebdf58c1,bac88d16-b1c7-4cda-9b47-e654e9eadda0,2024-05-28 20:37:17,Cheque,3446,USD
cba613e2-7b29-4f8b-b134-8ac10c380419,52e36be6-0e39-41bf-a605-9fb06b3217c1,a6507fda-507a-4cb3-9527-845de7523188,2025-02-08 21:46:08,Cheque,8988,CAD
5da56f69-8a3b-470b-abb7-a7a2f7f84e01,6d6d23a7-7dc9-46fc-8178-65306afa7600,a66e3e4c-7f8d-4f25-8d9a-ec56d3a8a8ee,2024-07-11 02:54:55,Credit Card,3749,GBP
5da56f69-8a3b-470b-abb7-a7a2f7f84e01,feba9468-ea75-47c2-a6a7-ad505a90d464,fd9047de-c972-4fa0-9936-de6d22b2a79d,2024-08-07 03:54:55,ACH,7619,GBP
efb560cb-75e0-40c9-a713-01a8d31e5a6f,ccd228cd-d896-4fc4-9d4f-1e33a5399d1b,b3011905-3c0c-49ee-9de7-5061b6195e48,2025-01-25 03:38:34,Cash,5979,CAD
efb560cb-75e0-40c9-a713-01a8d31e5a6f,f89183b1-77d4-4b5c-8d11-1f0c9f53a774,ae8b8408-ae06-4b21-adf6-acaa6a63ed99,2025-02-06 15:38:34,ACH,1815,CAD
efb560cb-75e0-40c9-a713-01a8d31e5a6f,ba1e4fc2-5909-4899-9191-0e8657742a80,0e6a217b-e949-4e92-95de-c371b48e77b9,2025-03-02 20:38:34,Cheque,1445,CAD
efb560cb-75e0-40c9-a713-01a8d31e5a6f,dec00806-8208-4daa-a67c-cec053c96d51,9ebffaa5-2f44-432d-b5a7-5fbd9c2f0f5b,2025-03-19 02:38:34,Credit Card,8354,CAD
5bfb3235-1639-4cd7-a41e-9cb4c1c55452,9882b51a-058d-4e1e-a403-d8d63d4c9e3d,81ac77ca-aeab-4b8d-8afa-93d1ec6eda86,2025-01-25 17:17:31,Cash,1157,CAD
18cd1347-eee0-4b56-bc5d-93a3800157ef,72bb1769-5ba9-472f-81f8-5dcc88ade540,8ea61b52-9c82-4d3c-88e2-ed7a6ec38e0e,2024-04-20 07:26:11,Cheque,9685,USD
e087619e-20e3-4f68-8cad-ab982ea77d21,472d82a0-d3c9-4d05-b155-9f627958a26c,bf69f02d-fa35-4c50-9233-3f4933612a7f,2024-09-20 01:06:40,Cheque,6324,AUD
e087619e-20e3-4f68-8cad-ab982ea77d21,8fd2c886-445b-4233-8cdc-ad881dd99246,135a8b29-abf8-4972-a411-84a89f6d5d6d,2024-10-08 21:06:40,Paypal,7954,AUD
e087619e-20e3-4f68-8cad-ab982ea77d21,a4a1a129-623b-4649-ae90-6f229bcfffd0,ef5e8234-f85d-4021-be33-d0ad93ed494e,2024-10-24 09:06:40,Paypal,1471,AUD
e087619e-20e3-4f68-8cad-ab982ea77d21,afe00492-3388-41ab-abbb-a5dc80801872,afe93a32-0bf1-41db-9e71-c81f4ed6dcd4,2024-11-11 05:06:40,Credit Card,2513,AUD
9297f90b-d1ab-4b7b-a54a-45c9816ae776,07bcaaa0-e422-4c11-bc6f-c17e2eebe387,f312e956-dd25-4d7d-a03f-c4ca6f831c41,2024-12-24 22:19:57,Cash,3997,GBP
9297f90b-d1ab-4b7b-a54a-45c9816ae776,070c57d3-f888-495b-8d7e-96f4ccf1f126,cbdf84b7-a081-4534-8fdf-c82576436aa9,2025-01-22 06:19:57,Cash,2136,GBP
c9b74a93-735b-417c-91d5-7329b997250c,7d7dae4a-645c-4e3f-9307-2b6b53a930ec,339e5b98-5dcd-41a0-876c-c0758d03d638,2024-11-30 16:56:39,Paypal,1319,GBP
c9b74a93-735b-417c-91d5-7329b997250c,d434509b-0f82-4a23-bb76-f2ab15e1be33,c130c485-e132-4eac-8d4c-652442d53f96,2024-12-03 16:56:39,Credit Card,7563,GBP
c9b74a93-735b-417c-91d5-7329b997250c,db5b454c-c080-42ca-aa4f-122649ce732d,14503a4e-1590-4fab-968c-4178c6da7640,2024-12-18 02:56:39,Cash,3153,GBP
c9b74a93-735b-417c-91d5-7329b997250c,f7d0cf10-a016-42f2-a721-d0fc7198591f,79aaab84-ba96-4a81-9e8e-6304d30f73ea,2025-01-07 18:56:39,Paypal,3747,GBP
e48a810b-076b-4d50-ba3a-847474e5498c,27a90dbd-04c6-430d-9ea3-ab0f152fcfeb,84e7bd3f-fd2a-4fef-a573-0c96d9705eff,2024-07-31 10:04:42,ACH,1282,CAD
e48a810b-076b-4d50-ba3a-847474e5498c,c8c43eed-d892-4a81-966e-e9d701899e32,42d24421-a5b4-410c-b548-3291664e15cf,2024-08-22 10:04:42,Cash,401,CAD
5cbc2384-9782-4978-8451-8f7d7ebec4f7,40ffc549-cf6a-4c46-80ed-ca5155f8545c,2e0bbc6b-e8eb-4e42-91ff-6f4ca2164a6e,2025-02-11 11:48:39,Paypal,4938,GBP
5cbc2384-9782-4978-8451-8f7d7ebec4f7,0b191aca-8dfd-4f9e-bf29-898c525c1765,6fc4acc5-cc88-4e2c-88dc-b99bf1df1c7d,2025-03-13 00:48:39,Cheque,6377,GBP
a23aef17-e9f9-4d87-b356-c7c6e7751e74,5b682524-7640-4432-b5a4-d2c818aae595,7e566c30-8315-4d8c-b245-75a87424618a,2024-10-09 07:13:56,Cheque,4041,AUD
a23aef17-e9f9-4d87-b356-c7c6e7751e74,3b4f2724-3808-48df-8614-9bc1445c9b6d,a94b6f16-265e-4244-9952-bb9cc691f007,2024-10-27 07:13:56,Credit Card,8456,AUD
d91e983f-9235-449a-abd5-235345c25b3d,83fa0de3-8ea6-41e6-89ab-4a0dcb04b451,3e227be0-6e9c-4c86-b3d6-d8b3b63df049,2024-03-23 19:53:59,Cheque,1660,AUD
9bffb94b-945a-4abe-bcfe-dcb632a0cbb9,3e7de7c7-7b8e-4cf0-bafa-c1f4ec4e8e0f,39b30ef1-b439-4f31-aaa8-3dc7fd262d4b,2025-03-07 16:27:32,Paypal,3655,AUD
9bffb94b-945a-4abe-bcfe-dcb632a0cbb9,9004ce10-d00f-406f-9d82-ecdfd9dcfcfd,958a84b7-e003-4bce-a136-af1ab5f0eab3,2025-03-30 17:27:32,ACH,5489,AUD
6443f0c8-0d9f-4419-88d5-eae29e33b52b,c628ade6-a1e9-4a3e-8490-e114daa47c63,31c04e16-6796-461e-ae6e-83ee580ef0e1,2025-01-05 11:39:50,Cheque,5382,USD
6443f0c8-0d9f-4419-88d5-eae29e33b52b,dae6eaa6-fb88-4889-beb0-2c0963af3de8,78743bd5-b65d-4895-9d87-22d6043a54bc,2025-01-10 09:39:50,Cheque,727,USD
5749dee8-8b6a-472e-a82f-ab73b0c9ebf8,98d9c430-59c8-4843-b076-2aa61629afdc,59073ffc-2b01-43d7-9a6b-522e1350f2a3,2024-06-23 11:48:55,Cash,7300,AUD
5749dee8-8b6a-472e-a82f-ab73b0c9ebf8,04ebc468-12f2-4f23-a65a-1bc523ccc613,16034dca-3394-4a9e-aa8a-a1b7e3465b68,2024-06-30 07:48:55,Cash,8424,AUD
065ffb9e-ce2f-49e0-b82d-bd422b298e56,c31f7d64-e596-4725-9c0b-d388b734556a,497b02a1-96db-469a-8923-1179201c101d,2024-11-05 16:49:42,ACH,1459,AUD
4b26253d-27da-4c5f-9715-ca7b177f5b0b,c2c9681f-ed62-44f8-8c01-2bfc70becd33,d7eb8753-db4d-4083-9d8b-2fd7957e98d1,2024-05-07 06:35:17,Cash,6157,CAD
4b26253d-27da-4c5f-9715-ca7b177f5b0b,c769bbe3-d3e5-4ae8-9b05-6039cf2774c2,9523300d-46c5-4d4f-97ec-cd6bbf7e9d18,2024-05-10 09:35:17,Credit Card,833,CAD
327be09a-6d3a-4cc3-8a37-96ac225eb796,a24c1293-949a-4cc5-84e3-db3ef48ecfb9,f57474ac-fee1-4e5c-bcea-186f77e36e52,2024-06-08 12:42:04,Cheque,4074,AUD
327be09a-6d3a-4cc3-8a37-96ac225eb796,bf3f0a3c-1a75-4aee-a59a-f16138ea5faf,0715ce5c-7f4f-4fdd-a27b-e9474124ca4d,2024-06-26 15:42:04,Paypal,4572,AUD
22ee3667-d8da-4aa5-968b-8642b9ddf493,f40af33d-1304-4224-8ff9-db6c8c0379fd,6b074dbb-e12d-4648-b5f8-5084c46b5ece,2024-08-23 17:07:06,Cash,1852,CAD
6621a099-f7ab-429c-bcc3-8615f6d0adfe,db5ecba9-a68a-4a98-844c-db537a742312,41e72cfe-de5e-4bd9-8e5f-87f5745eb661,2024-07-07 05:14:01,Cheque,6255,USD
6621a099-f7ab-429c-bcc3-8615f6d0adfe,0e8c8a5b-8034-482c-a286-090c3e3cb754,5b1ddf37-3211-4c67-b760-e0ead4fc4380,2024-08-02 13:14:01,Paypal,7970,USD
6621a099-f7ab-429c-bcc3-8615f6d0adfe,4883178f-ac1d-4afc-a448-f434a45f7d42,b956d741-cae3-4525-a5ce-38a2d6541538,2024-08-06 01:14:01,ACH,1779,USD
6621a099-f7ab-429c-bcc3-8615f6d0adfe,26f09cb9-121f-46ba-9d9e-cdd5521a49a1,8c364e96-529d-4b8a-bb9f-79113636dbc1,2024-08-26 09:14:01,Cash,9924,USD
b48b60f0-e726-49c8-a3d2-c72137adfab1,f4b0a64b-5791-4c94-8a7b-7935292e19ec,da224ef3-574c-49a4-bb92-b3612c929040,2024-05-26 23:55:10,Credit Card,8203,AUD
b48b60f0-e726-49c8-a3d2-c72137adfab1,fb75350e-bc14-4451-8d39-16d598ceae62,52d87d46-c416-4cb7-b7aa-9a3f7b1c5416,2024-07-21 01:55:10,Cheque,8281,AUD
e77049ce-fa64-458b-82de-13a1dd5ff5df,f093fe39-354e-4ae2-a4a4-5ba7d510b730,7a2ce6b9-8059-40d3-a91a-f25d09305c43,2024-06-13 08:15:04,Credit Card,3411,GBP
452560d4-c986-42a4-adf0-c73b38a3bd3f,3f7fd549-d8cb-4b57-9489-b7d9f1a9dd51,f0f60840-92b7-4cc7-9fc7-2fa70638c4e2,2024-05-31 17:32:39,Cash,5595,USD
452560d4-c986-42a4-adf0-c73b38a3bd3f,b1c987de-29db-4dc8-b968-e629c81675a9,37102b86-60e3-4433-808f-5072ae7240d0,2024-06-15 09:32:39,Cash,9051,USD
452560d4-c986-42a4-adf0-c73b38a3bd3f,b23b026e-3ec6-49de-b4c9-244c3c33a80d,dac8e924-0b61-462c-8307-fec5a5cc7889,2024-07-10 08:32:39,Credit Card,753,USD
452560d4-c986-42a4-adf0-c73b38a3bd3f,fb3657e4-4675-4e88-96c8-9f1c585f5588,62f8813c-3c25-452a-a792-bda8880c48fd,2024-08-03 08:32:39,Paypal,3947,USD
452560d4-c986-42a4-adf0-c73b38a3bd3f,91ea21c6-3343-499d-ad56-b94c09e0d46c,11461b63-c891-4a8f-a2df-081875c376ee,2024-08-24 11:32:39,Credit Card,9890,USD
a9611233-b26f-43aa-9e35-15bdd0451c08,3edc67ff-3f71-4600-aaa0-0715010fb1d4,80bc010c-e765-4835-9fb6-91dc7c2a97bd,2024-09-07 18:06:48,Cash,5299,CAD
a9611233-b26f-43aa-9e35-15bdd0451c08,a4dede29-a9b9-4289-961e-62416bab015d,6c97cc2a-3c9a-42ef-ba56-93152ef679af,2024-11-19 01:06:48,Credit Card,8814,CAD
dd1173fb-fcba-4431-a0da-26ba61346959,0c4c8adf-b7b4-4622-960a-d97e66fa808d,7fe391f8-2d97-4c33-aa3d-20dc82d014cb,2024-11-25 20:21:01,Cash,7572,AUD
4e655179-8371-497d-8dae-9995e0c2b45c,d339fbd3-05e4-4873-abdd-64203e11f520,2d9311a0-6db1-454a-b100-9a2dcb032839,2024-04-30 15:23:36,Credit Card,8845,USD
4e655179-8371-497d-8dae-9995e0c2b45c,854daa7b-b9f9-43bd-9582-8e5d24c34f69,ded728e6-255b-4dc1-aa8f-eba03b56e8a3,2024-05-06 23:23:36,Paypal,7439,USD
0ce9ffb3-1749-40eb-a1fe-7da2f646b924,be2cc39d-07b6-483b-95c8-0a203680631c,dd9bab17-f11e-4de0-8892-2f14876f5cc6,2024-09-21 00:33:26,Cash,7724,USD
0ce9ffb3-1749-40eb-a1fe-7da2f646b924,8390f332-928b-4fe4-9fc7-2be2a5e12d62,1a3b69d4-b314-43e4-8ac1-ae747ff4ec69,2024-10-25 17:33:26,ACH,4627,USD
652442d3-bf37-4e4a-ae64-6b761b91613a,98b6a811-421e-45e8-bd41-bca15360b6e3,4269ac7e-e5e4-4681-8d51-be85ec0d1ec9,2024-04-14 08:59:47,Cheque,3815,CAD
652442d3-bf37-4e4a-ae64-6b761b91613a,e7932580-4599-4e09-aada-b9ab64722aa5,8620f82e-9897-4ff6-b707-adfc11b55ffc,2024-05-11 05:59:47,Credit Card,5365,CAD
652442d3-bf37-4e4a-ae64-6b761b91613a,d0ad6752-bb3a-4664-a26a-26507a03542e,1dd39627-7f1c-4da2-8673-c12a0baa06a0,2024-06-19 12:59:47,Cheque,1127,CAD
ff457587-858e-4771-9606-ef11979afe69,4ba65beb-ba29-42af-87df-778a116e76b9,25380c8a-31c9-437c-afc4-d4a5d5f0ad47,2024-09-21 19:09:18,Credit Card,4533,USD
ff457587-858e-4771-9606-ef11979afe69,19e85820-52ff-4078-836b-77dfcad4bb5f,98dc935f-6e06-4e1a-bf0c-5357e9748d5b,2024-10-15 03:09:18,Cash,3271,USD
c9aaa76a-8db9-4f07-88ba-53f6085b04fd,d69da671-db38-4e16-8b4c-f81cd4d0fd81,c4e18ab2-4c81-4800-953e-7acd8bd31e68,2024-12-15 18:48:00,Credit Card,2265,GBP
c9aaa76a-8db9-4f07-88ba-53f6085b04fd,7f9d68ec-3e40-47c4-af09-926c19ed5a5e,c3e2dba7-547b-45ee-bd34-845b4bd7b2e3,2025-01-07 18:48:00,Credit Card,4450,GBP
c9aaa76a-8db9-4f07-88ba-53f6085b04fd,07204636-9951-462b-87e3-66840bff1848,3be3c999-91e5-4a81-99f1-cab9022bf8f3,2025-01-15 23:48:00,Credit Card,724,GBP
c9aaa76a-8db9-4f07-88ba-53f6085b04fd,291f9fb9-8d07-452b-88ac-7481248df7af,46a82a24-9b06-44cc-aba6-da3f52a9731e,2025-01-16 00:48:00,Paypal,612,GBP
463eb3f1-6ff0-4be5-92df-7088382503c8,e42f7fab-881e-4f3c-a1fb-68521359d7f1,9bfc4757-e715-47aa-87b1-7c39a28224a4,2024-11-29 23:16:51,Credit Card,8412,USD
463eb3f1-6ff0-4be5-92df-7088382503c8,0162ea91-d491-4319-9a29-e4fa31b73585,8e93858f-51ae-4388-9b52-adcbe75bc414,2024-12-16 23:16:51,ACH,8581,USD
463eb3f1-6ff0-4be5-92df-7088382503c8,8692c652-9aed-411a-aa52-c4433f7cd0c5,3b9e0670-ff6f-40e1-9ba2-db69b7209a2b,2024-12-25 12:16:51,Paypal,2753,USD
463eb3f1-6ff0-4be5-92df-7088382503c8,092f69c9-5663-47f7-807a-f180fa5b73ed,88e1e457-0bf1-4868-8621-3de485aa97e5,2025-01-18 08:16:51,ACH,7612,USD
9832c83e-617d-4adc-ba21-88152fcd17ce,a47514b7-324d-4031-8f60-14bbfe3c8275,1b2fe1d2-28a2-44bf-872a-15c10412db2f,2025-01-28 22:47:06,ACH,8411,GBP
9832c83e-617d-4adc-ba21-88152fcd17ce,f293422a-9666-436d-b796-076d75ef154a,85c7a2da-0a9f-4da9-9d46-0394366a2d61,2025-02-17 17:47:06,Credit Card,1108,GBP
92773c88-02a8-4af0-9d58-298c1b92c313,77de1e9c-b02c-4703-bdb1-caf6e025b6c5,2ae8ff2e-af46-4793-b87f-fd8e8c6abe8e,2025-02-09 07:41:02,Cheque,1072,GBP
92773c88-02a8-4af0-9d58-298c1b92c313,a3122ee9-242a-4388-9e17-b009bb550b9f,1942104d-7d56-4a46-81de-b99a242e3c05,2025-02-12 04:41:02,Credit Card,9574,GBP
92773c88-02a8-4af0-9d58-298c1b92c313,89e0a75f-8ecb-45db-ae79-77aa99927599,c3c49e9d-be9f-484d-b59a-833a64684a16,2025-03-05 21:41:02,Cheque,3989,GBP
92773c88-02a8-4af0-9d58-298c1b92c313,eb2a905c-f823-4ccb-af30-1b56e62c672e,c8bfa391-7a85-487c-a73f-b3afb22d9fac,2025-04-01 15:41:02,Credit Card,9497,GBP
db2c8eeb-4a76-4f8d-abd6-5e3ad6193347,5c6465c6-643b-4cc1-baa2-cd0cb07333ed,9e2663f5-bcbd-4c44-9450-ec58b57b8b2e,2024-07-21 07:59:19,Paypal,5979,AUD
373a5cfd-9beb-4707-81f0-82d4723a940f,faa8a9e6-73c2-4e20-bdc9-296be898d067,2d3c1ddd-d33a-4568-8315-60d109020bee,2025-03-08 09:33:29,ACH,1330,CAD
373a5cfd-9beb-4707-81f0-82d4723a940f,555f97d9-bb03-4f46-b92b-31ca9f6b5cc2,37c64c81-b2fa-49a9-b34c-f2c7a122f256,2025-03-26 11:33:29,Cheque,2738,CAD
373a5cfd-9beb-4707-81f0-82d4723a940f,57ef4b3e-d2f9-418a-aef3-7ecbebd22e26,954aa604-542f-4b29-90cd-39fa25cc8918,2025-04-03 04:33:29,ACH,6182,CAD
4f5cefdc-03eb-4e7f-ba01-e950dbfbc342,d1de7d78-a408-4f93-9e72-a220d4388ae8,b587acac-d3ba-4bdd-a794-87a2bbeb0803,2025-02-28 12:01:06,Credit Card,5692,GBP
3b63bc88-012d-4503-93ea-e03e715def0a,1daea4bb-f869-4bc3-83a6-c7bcb8c24a95,e54caf59-bdd7-4a9e-a695-bca6751c1ea2,2024-10-01 09:20:23,Cheque,8333,CAD
3b63bc88-012d-4503-93ea-e03e715def0a,debd9e0b-4c86-450f-9d95-731ccd386ce5,62009924-017f-461f-8f4d-977a91318140,2024-11-08 17:20:23,Cash,8597,CAD
3b63bc88-012d-4503-93ea-e03e715def0a,be1629a6-cf90-4ccf-a4bc-1032834b64d4,892ecb62-dd66-4bc2-9f0c-bafe0e04cc41,2024-11-11 06:20:23,Cash,4220,CAD
3b63bc88-012d-4503-93ea-e03e715def0a,90418f32-aa0e-4a06-ab5e-3079ecd6a5f7,4bb6100f-e784-4668-8734-2e52bd67f4fd,2024-12-01 06:20:23,ACH,865,CAD
4362f0da-6af6-4249-ba93-5672b1b6ab51,5d88d0ec-11a3-410e-932b-333ccc7cacde,9b8303bf-f35b-4d52-9763-5790e9f3bb2d,2024-07-05 20:37:19,Cheque,2579,GBP
1524b9c0-f574-48ea-91a7-02cf07a42222,ca8e7b5a-dd6b-4958-a487-55aacbae4409,09f2f8f6-7799-4fd2-befa-5e811ec49324,2024-04-12 09:06:36,Paypal,8926,AUD
1524b9c0-f574-48ea-91a7-02cf07a42222,dafb9c8d-666b-4d7b-ba28-1332498b0740,7f0f8459-fbc2-48a0-8659-a64735ea4e82,2024-04-23 20:06:36,Cheque,305,AUD
175a1703-cc80-46d2-9ff5-85d7611ee709,5cd390e1-c09a-4293-a2aa-4c74f8164d4a,f309a4d8-a8c2-4b3b-a170-0331876bedf1,2024-11-06 04:50:06,Paypal,4216,GBP
175a1703-cc80-46d2-9ff5-85d7611ee709,ebc412cd-ee74-47f0-93bb-f1155dbad562,ab924bf5-fc02-44c1-8d0c-87f3bcba6371,2024-11-21 04:50:06,Cheque,3414,GBP
735ec6a5-05d1-4bd9-bb20-f04b4e5eb69d,27e6563a-d7de-430d-a9a8-2f3c15b51a8d,1b94b3ec-d48c-4b75-a30a-d0735edf0b2f,2024-08-16 01:45:33,Credit Card,9127,CAD
735ec6a5-05d1-4bd9-bb20-f04b4e5eb69d,95f4c461-77a0-4988-997f-a720022d350b,a9f439af-6f74-462b-aff7-a333fe4b1260,2024-09-08 02:45:33,ACH,6971,CAD
735ec6a5-05d1-4bd9-bb20-f04b4e5eb69d,11019c86-fa0f-4588-81a4-467ca9473109,9868c61f-3470-4d40-a035-097586b72ed6,2024-09-12 20:45:33,Cash,7826,CAD
00d39602-5b10-437e-a92b-04d4955d3a21,3eef8a06-3317-4702-9f25-89be55893f87,58b0cadd-5d89-4643-9632-918b37e53802,2024-05-23 01:51:20,Credit Card,8952,USD
00d39602-5b10-437e-a92b-04d4955d3a21,581a62c9-a48b-4a5f-80f4-e7894190e967,91c60cbd-a75b-4451-95d5-18191b1c1ec3,2024-06-21 19:51:20,Cheque,6256,USD
00d39602-5b10-437e-a92b-04d4955d3a21,84d2093f-e2a6-4a68-9f1e-c72925e32b20,3a24ccdc-ef40-42b2-a21d-f7a7897ddf4e,2024-06-25 22:51:20,Credit Card,8226,USD
521287f2-764c-4816-b9b0-b5aa84339a8d,9527bc12-42a6-4e17-8674-e4299165b657,d27ba796-1f78-4cc0-b42b-52c04670753e,2025-06-13 03:49:40,Cash,6723,AUD
e06a10a6-4065-4124-8766-1bdc454946a0,617a23a7-d7d3-43c5-b3a4-dd52b4a72e55,c4475862-9c1e-4329-a448-d3470138c777,2024-09-02 01:33:26,ACH,3551,USD
af46f754-5ae0-4053-8dc1-a75f807fad7d,4c8bea9b-c588-463a-973d-7c50ec73a42c,b3b2c273-a3bb-4986-a420-5ae470442ab9,2024-09-25 01:36:50,Cash,5601,GBP
af46f754-5ae0-4053-8dc1-a75f807fad7d,c5f5e0fb-b6a3-4520-92e1-da6c379abf66,6bece500-ebf0-46c5-a99d-523ef7af2b78,2024-10-22 02:36:50,Paypal,5287,GBP
af46f754-5ae0-4053-8dc1-a75f807fad7d,50c8577d-fa30-4c23-bf40-a89b8a2670a6,aacd8134-6926-4ac8-8aff-5694b2e04491,2024-10-28 18:36:50,Cheque,2095,GBP
b505dc5c-9d33-4333-a4f9-d5e244373077,4fa172dc-680c-407f-8fb2-df56eaa64dbc,9b948cf6-9247-4b42-88a6-ac760ce37146,2025-03-02 02:08:00,Paypal,1257,USD
b505dc5c-9d33-4333-a4f9-d5e244373077,1ca3e10a-913f-40dc-a39e-1cb2054d7bd9,28251459-bdb8-4539-a9d0-a55551a83964,2025-05-15 07:08:00,ACH,1838,USD
e0d9d465-29f8-43d9-9a6b-e94d4da5a5d5,0942b55e-53ae-4c3d-8523-78f78a4c48a6,97c05c82-2350-49d7-92d3-9e92a9cd2e39,2025-01-17 05:58:45,Cheque,5382,USD
e0d9d465-29f8-43d9-9a6b-e94d4da5a5d5,3dfd02b7-3647-46f0-99b7-a7d3fd184093,93dcb2b9-ada6-41d8-a4bc-1a8a20e545fa,2025-02-15 16:58:45,Paypal,1233,USD
b6ab1634-bb21-496c-92f6-6b222738265c,39c06e0d-ec07-40e2-bdb5-fdb5ef25d615,57c48b55-5004-49bc-af56-cb83b27b59f1,2024-05-26 09:10:29,Cash,836,AUD
b6ab1634-bb21-496c-92f6-6b222738265c,437334ae-2ef3-4249-8998-8c76e68198fd,ea1461a0-e243-4ae7-9ddd-8badf85b1e36,2024-06-09 20:10:29,Cash,1549,AUD
b6ab1634-bb21-496c-92f6-6b222738265c,9ba29f7b-3537-498f-9212-cd6d543ba156,025f13ca-f07c-4aad-8b92-2d5e95621786,2024-06-19 06:10:29,Paypal,2680,AUD
0c5dab51-1432-4bbc-8abe-901d63ee79c7,23e84db0-c527-46d9-acfc-0e21e0ca017a,f3f2bf95-b7c7-4a65-baab-0749165dddd5,2024-03-24 13:45:57,ACH,1605,USD
eaa54c2d-9ea2-48a6-94b0-f1824808b82f,841d1d17-6d82-4d61-be51-2f19d842550f,c0a47139-8528-4eb7-a464-8056dbdc7b19,2024-10-26 10:15:12,Cheque,1815,CAD
eaa54c2d-9ea2-48a6-94b0-f1824808b82f,3348c629-b755-4e25-ae7c-c3afe7941594,600eccfb-3741-4b04-b6a2-9e9a8fedf8a2,2024-11-21 12:15:12,Cash,4238,CAD
fa668576-8c3d-4fe6-b659-77a58c1632f1,e4b2986c-e184-41ef-a78e-26aa6da33b3a,e45bd9a6-c651-444e-9068-5eb37939d788,2024-07-11 03:41:55,Cash,3532,GBP
fa668576-8c3d-4fe6-b659-77a58c1632f1,8ba4ca8f-6da1-4863-8153-de7cf791d72f,c34938bd-90d8-4f0e-851d-0cf453ac558c,2024-08-12 12:41:55,Cheque,2052,GBP
fa668576-8c3d-4fe6-b659-77a58c1632f1,b06b117a-307f-4d82-8db7-6b5be7f9eba9,f6543483-b439-408e-b526-48249f4308c8,2024-09-08 21:41:55,Credit Card,539,GBP
fa668576-8c3d-4fe6-b659-77a58c1632f1,69a69796-1379-4b9e-ad63-71c6f3c8de39,2ec9eb16-1503-4f23-94bf-cd5d65903f48,2024-09-16 19:41:55,ACH,1246,GBP
fa668576-8c3d-4fe6-b659-77a58c1632f1,fae11d2f-f6ad-4841-af72-dda4fb205559,30c7689a-b263-4b32-a46d-07c19cbba436,2024-09-21 07:41:55,Paypal,7980,GBP
99048f91-2abc-4074-8c12-130b5a8413d9,dc3f6f44-d25b-4d81-8f19-1f1075dc49b7,3f1c6bef-659e-40dc-9c44-91bb256d5c15,2024-05-24 05:22:21,Paypal,320,GBP
03c63574-ecda-4718-9609-d8b02ea5b74d,262e272e-826e-4a81-bf33-a4630982ae01,1226f6e4-f595-438d-b3de-f341db802904,2024-04-13 22:44:23,Paypal,2253,CAD
03c63574-ecda-4718-9609-d8b02ea5b74d,4bb4cbc3-f83c-4459-8f8c-71ddfd35e7d2,9e7dc2b1-114c-45b4-8a05-fe2432c7b74f,2024-05-02 06:44:23,Cash,5549,CAD
03c63574-ecda-4718-9609-d8b02ea5b74d,9fc1cbcd-e834-44f4-bdeb-f5ef88f4480a,4b4592e6-0429-4a7a-aff4-254dffb489f9,2024-05-18 07:44:23,ACH,9224,CAD
834f964e-6922-4431-bc87-46d62e506950,7924d437-7882-4145-8f0e-67047126242c,9cf17494-c35c-457f-bc98-2976911ac452,2024-06-29 20:39:43,Cheque,3467,CAD
834f964e-6922-4431-bc87-46d62e506950,a90b50cb-8dfe-451e-a058-25af815971f8,77ba4440-bbf6-4350-bda4-e9ee07c0f76b,2024-09-17 18:39:43,Credit Card,8640,CAD
e4cf221e-2da2-4638-b906-be9317fb62ce,2512c142-17ae-45a3-a820-187f9c9439ba,50585b9e-4010-46cb-859a-42cb25279419,2024-11-03 03:16:44,Paypal,5562,USD
e4cf221e-2da2-4638-b906-be9317fb62ce,07f7e66d-5717-47f0-9fc8-8910e51bd13c,34c98a9d-f52f-4957-8d36-4860a0b02533,2024-11-07 02:16:44,Paypal,1489,USD
69e5455a-0878-416f-acb6-8cc7a4c84bdc,e4102115-07c7-4457-b8df-3224490f2686,90371c5a-528c-42a6-8fa7-9db246ed4288,2024-07-04 14:24:09,Credit Card,3254,CAD
69e5455a-0878-416f-acb6-8cc7a4c84bdc,ce00379a-7416-49bf-87c4-cb0ad27756b4,93a7eb57-518e-4981-885a-bfb4cf59438a,2024-07-09 06:24:09,Credit Card,3298,CAD
a1b09b53-2902-472f-b767-e6a7fa85dd48,04605199-5a7a-4e07-b8a3-3d5649a6bd6d,a225f928-d365-4ba6-9807-a79c05909826,2025-02-24 15:18:15,ACH,7369,GBP
a1b09b53-2902-472f-b767-e6a7fa85dd48,f421fdb1-da6d-4321-9ec4-7948a5171825,0224c792-42d3-4c4f-80bd-a8b89514a330,2025-02-28 00:18:15,Credit Card,9566,GBP
a1b09b53-2902-472f-b767-e6a7fa85dd48,f4717419-68be-4d50-8267-c986e6a6b851,8d18972f-13f6-4767-ae72-40801b75be13,2025-03-21 08:18:15,Paypal,4551,GBP
a1b09b53-2902-472f-b767-e6a7fa85dd48,86369c40-ba99-499d-9f30-e6a12b2190e2,eb573fb9-f29f-4b9f-8828-c15438d9bfd8,2025-04-17 10:18:15,ACH,4239,GBP
824e0d70-cee3-4d84-abe5-5939316dd6aa,d239783c-7d3c-41ab-ac44-48f73c4c7642,7096e956-fc06-4a3e-a336-fd9ee8afb36c,2024-08-19 12:55:17,ACH,9976,CAD
dd34685c-455b-4c69-80d4-9adbe8662ce0,55aa49ab-552b-48f3-be4f-6aa43e3e5a82,602081de-5586-4d52-854d-ba020cb2430f,2025-02-17 00:12:00,ACH,7123,GBP
10a1b5a0-ede4-4765-89ed-9aed0681ad95,eeaa04bb-78c8-4ab9-b42a-2165fb744570,ee38b917-6f06-478d-9ff1-26c5fd3502cd,2024-05-15 19:56:51,Credit Card,9938,GBP
ab347256-e985-499c-ae9e-37be604737f3,1630d69a-5a4d-4718-9d85-d9a72a6bd320,588592be-fd4b-4470-b253-7b900f691565,2024-05-19 23:07:04,Cash,4766,AUD
ab347256-e985-499c-ae9e-37be604737f3,481e2f87-d9fd-4930-a6fb-c727cbeccbbf,b8a24849-34c2-4f1c-ade1-779e3f860eef,2024-05-23 17:07:04,ACH,5123,AUD
8d89011c-bd77-48c2-a9d1-a46e5d3a2295,a9d34bb3-8dcf-44da-9062-cc94c2e00ad9,b69aae4d-ca6d-4c66-ade0-35137a0fd18b,2024-05-16 20:51:18,Paypal,3707,USD
8d89011c-bd77-48c2-a9d1-a46e5d3a2295,933cebd9-92e5-4a7d-a136-2b0c64d67b2a,534d0adf-d802-428b-9859-e5f9d25591d6,2024-07-09 03:51:18,Cheque,2979,USD
c6371601-d228-4dfa-9811-f369d76fda5c,8de84bb1-115b-4dc7-8981-258739646e14,ad89a077-9ed9-4ee6-960f-db57b36ce65c,2025-01-22 16:18:19,Credit Card,7902,GBP
c6371601-d228-4dfa-9811-f369d76fda5c,ef150ff4-4acc-4e78-b7aa-9c0b9477ea0b,d75d6656-8b7c-405a-9c02-06bb6987afe3,2025-02-12 11:18:19,Cheque,1066,GBP
c6371601-d228-4dfa-9811-f369d76fda5c,6ee480ba-5125-472c-94b8-7e38c792fd9a,ee17b82c-6952-4589-b761-509f5059f0bb,2025-03-09 19:18:19,Cheque,4321,GBP
dbe56c69-a34b-4d52-82ae-d3c30cf7bbf9,dbc0d45b-a6e9-453a-8c20-584cd7d66e01,2399061e-d76a-45e4-a7f8-cfd7716d02fb,2024-05-12 00:04:04,Credit Card,5792,USD
dbe56c69-a34b-4d52-82ae-d3c30cf7bbf9,e26e8fa3-5f80-46c9-a68a-a51c50dbcf99,a973de48-6aa1-4bfd-95e9-35eb2ef891b3,2024-05-27 19:04:04,Credit Card,7397,USD
dbe56c69-a34b-4d52-82ae-d3c30cf7bbf9,c98f9a6e-37cb-4865-981d-a7d767f3d7b4,84b93838-d033-40bc-ae93-4f0ea02afcea,2024-06-22 08:04:04,Paypal,5861,USD
3fe58079-d3a4-4da2-be11-5cbb30209bb5,21e8a354-9ccc-434e-af1f-12c2b5e6919c,eb4d316f-1181-458c-8d80-ee12f4a3a1d5,2024-10-21 04:46:46,Cheque,3370,CAD
3fe58079-d3a4-4da2-be11-5cbb30209bb5,6f443923-e1cf-4034-9d64-fb190dbc2bb7,3611eb2f-eaac-4544-86f7-1794c0e3f201,2024-10-28 11:46:46,Cheque,1088,CAD
989309ba-9a40-47a3-a817-e5dfac27cc25,188da21d-f97f-4774-9f3d-0fd3ab8715cc,1ec3775e-c1e4-4d2e-a1c1-d97202764f5f,2025-03-03 11:46:24,Credit Card,3142,CAD
989309ba-9a40-47a3-a817-e5dfac27cc25,ba578249-f925-4841-a104-839d8f87d0fa,ab2264b1-d640-40f1-9c26-8188bef7888c,2025-03-27 08:46:24,Cheque,8791,CAD
58864e8f-bbec-48c2-894f-8cb228935c1e,c64efb43-a577-48b9-bfa9-483eef8f4b04,91ec9b19-1f3a-492e-bec6-81999249b6c1,2024-08-12 17:40:45,Credit Card,3239,CAD
58864e8f-bbec-48c2-894f-8cb228935c1e,1e770ce4-c7b6-45b8-b560-1d9733ba56c6,ea68ed5a-9722-4f49-a8ba-84c63c6deaf7,2024-09-10 19:40:45,Cash,587,CAD
c8435b12-b4be-40da-ba75-697f6481a6d0,64ea4fc7-6af1-4854-9b23-12771f96d2e9,b7db0aea-a470-4811-aed3-095ebe8b79b9,2024-04-18 11:14:14,Cash,1660,USD
8d3bcea6-9bf1-477a-bfb3-4360ffd7b0ad,b98d13b4-10d7-4a01-ac14-f26d2b582a11,ba0bec08-d9a6-4c00-8201-0fc6b4e59afa,2024-05-17 20:02:31,Cash,2876,AUD
8d3bcea6-9bf1-477a-bfb3-4360ffd7b0ad,d8f84fe5-b16a-466b-8634-4455ae9497d9,18bce8f1-b982-40ba-b2f7-d312a0facc2a,2024-06-13 06:02:31,ACH,1655,AUD
8d3bcea6-9bf1-477a-bfb3-4360ffd7b0ad,17636e04-8bb6-44d5-a266-e21082ad532d,140592b5-7336-448e-97aa-7bf24db6e52b,2024-07-01 08:02:31,Cheque,4840,AUD
f7dcbe15-313c-4faf-a575-c192d986790c,b02f59cd-64c6-47fe-a5cb-5b8f224ae63b,b6ebce6e-a658-4618-a8b4-f3a84dde7a4e,2024-05-18 17:40:38,Cash,2320,AUD
f7dcbe15-313c-4faf-a575-c192d986790c,38e33cec-a069-4da3-bd76-844c8819474e,67650167-8c16-4f50-83d9-75dc00b13d89,2024-06-29 07:40:38,Paypal,7345,AUD
f7dcbe15-313c-4faf-a575-c192d986790c,bb8bce93-300e-44aa-b217-dfe5e26d8829,54d11671-e244-43e4-bbcb-7169a756da05,2024-07-16 23:40:38,Cheque,4730,AUD
f7dcbe15-313c-4faf-a575-c192d986790c,835d1509-7fc3-40ee-8166-fe24bff2379a,026dc509-66bc-42ad-a635-5b5ffa0b9e7f,2024-08-14 19:40:38,Cheque,2172,AUD
683dcb05-58a8-477f-959a-161403f840e2,1bdaf542-bb42-4b34-b48b-01f19723f973,17efb2a3-fc94-47de-9607-2b119d6bd95c,2024-12-10 20:56:36,Credit Card,1269,USD
325b99ee-651d-4596-9765-fd42ee8e0a5a,63bcc5ef-9f6c-426b-817d-f4b73881e5f1,1edbace1-aa69-420f-8ca3-91a630e6e4d4,2024-12-29 09:49:46,Credit Card,9640,CAD
22ce9ad2-9898-477f-bc92-e521e27f94ba,736c0baa-4f3d-424e-80bf-3dd2ab1e3d52,9cf7cfed-dccb-450d-b41d-6fd8c75fd063,2024-09-23 14:28:54,Cheque,5299,CAD
22ce9ad2-9898-477f-bc92-e521e27f94ba,9f978d87-d3a4-4a58-b3a5-f891afb7adfa,a264e147-42f7-4f20-9e43-a5bf084596c4,2024-10-09 07:28:54,Paypal,4249,CAD
22ce9ad2-9898-477f-bc92-e521e27f94ba,fdbf6b96-b4db-422b-9ff6-8b2d02ff6a33,798a8b9f-be40-4234-a0c1-63876fa11f23,2024-11-07 05:28:54,ACH,7763,CAD
32b7ee90-9fc1-4e4d-93f3-d432df4f9544,6a1b8c76-f07f-42c7-8ebd-5b396bb2f80f,c4725672-dd46-484b-9ba1-e3f5617d765c,2024-11-22 05:17:49,Credit Card,8604,GBP
32b7ee90-9fc1-4e4d-93f3-d432df4f9544,ec0a03d7-4c01-4eb6-8ed5-c88d5b64f3a9,f163947a-babd-4a64-92d0-cdf82d2a82cd,2024-12-07 00:17:49,Cheque,6597,GBP
32b7ee90-9fc1-4e4d-93f3-d432df4f9544,111a5d11-c60e-414e-8214-cf9f020d5cc8,a3575579-34f5-4e2a-8aea-37b765e58bd3,2024-12-26 22:17:49,ACH,626,GBP
32b7ee90-9fc1-4e4d-93f3-d432df4f9544,1f76253b-6077-47c2-9576-1eabece77c3c,9def3584-c5c2-4ae1-a70c-927a79033eb8,2025-01-02 00:17:49,Credit Card,5351,GBP
78523d29-ead9-4660-811a-732a4e85eba6,5a6b002c-af49-4a8d-ac22-14c08edfe2db,fb227e5d-4a76-498c-895f-ec7d31175dd6,2024-03-17 20:04:32,Paypal,2805,GBP
5a6ec08c-698b-4977-a8ad-112f46f71c7f,26612ffd-1b4c-42ba-b9f7-e678396178f3,4ac17d46-19c0-44a7-a91a-3e149d12c7e4,2024-07-19 11:05:14,Credit Card,9694,AUD
49a14b15-47b1-444f-9f67-309e32c0b9ce,5709c1c2-b8cc-44db-8892-0b3a6458b791,0d36207c-3560-40e9-add9-2b6c074fa50c,2024-04-11 05:04:12,Cheque,9085,USD
49a14b15-47b1-444f-9f67-309e32c0b9ce,c1aa0b3d-c9dc-4ea2-96b0-392f035e171b,cb0662be-65f7-4cdf-9276-2eed284c98e2,2024-05-09 04:04:12,Paypal,2118,USD
49a14b15-47b1-444f-9f67-309e32c0b9ce,a00c78cc-0f79-472a-89eb-64173cb82be5,43f1772f-f026-47ae-b5be-5f06f24dfdda,2024-05-15 16:04:12,Cash,8135,USD
49a14b15-47b1-444f-9f67-309e32c0b9ce,4bebb1ea-678a-44ea-88c9-ed7c17736f8a,23b15bfb-f803-45cb-89f4-55ab96bdddd1,2024-05-31 22:04:12,Cash,7859,USD
7cf89389-aae9-4b0f-9e5e-3617883c70a2,03651ccb-1f6c-45ad-9d5f-fc1a797c27bd,9bb43f21-b943-4763-b1a1-61a1f2942b2a,2024-10-21 20:38:25,Credit Card,4305,USD
7cf89389-aae9-4b0f-9e5e-3617883c70a2,c3f9ef84-74b0-4154-880e-4851f8c8f3c0,44bde596-077b-420f-a2ab-bd3aac8e32c8,2024-12-04 06:38:25,Cheque,1162,USD
7cf89389-aae9-4b0f-9e5e-3617883c70a2,a2700645-23fb-4f70-a00c-9091f7aac9cc,a7a9ef63-8252-4652-9555-37e0f8bb5784,2024-12-19 13:38:25,Cash,8887,USD
801088c0-5c69-4445-bfab-11bad2829020,3d102a96-bcf6-47c6-b65d-cf06f0101194,9bb736bc-6e86-4d8a-98d7-3621edf6dd1b,2025-03-18 09:34:40,Credit Card,2825,CAD
801088c0-5c69-4445-bfab-11bad2829020,fa363686-4625-478a-9543-e04c7c352ecc,0d1d81dd-6cf3-4bb4-b92b-d445d694328b,2025-04-10 12:34:40,ACH,434,CAD
801088c0-5c69-4445-bfab-11bad2829020,8ebae505-18e9-4dfa-a9d1-0d8c78307f89,c91393cd-4978-4744-bba3-39d7b386fa87,2025-04-20 22:34:40,Cheque,1317,CAD
cd1abb3a-5983-4c46-b3b9-25855efd82d9,897dda7a-d8fb-4648-a553-b8ee4b366167,aa7688ab-7584-4318-a829-8ede08b83f6b,2024-09-19 06:05:19,ACH,3734,USD
6a4fc821-f814-4e33-bec8-b7e552637702,16c44af1-d653-4765-9429-705d4a856a57,8cb5255b-04c0-4ea1-a09d-6878cb149758,2024-09-14 23:15:07,Paypal,2014,GBP
6a4fc821-f814-4e33-bec8-b7e552637702,24807b91-8216-47ff-aa88-45be0eeb2620,f9d8c51b-13a8-4ab3-bf71-ce13b51cb726,2024-09-17 09:15:07,Credit Card,5770,GBP
15e6b1c6-8bdd-4b72-ac09-e3569afe021d,e987cc39-36cb-4d0a-be06-cd2149066b33,f01f9fb3-1a64-4a46-80fe-f56e4f8711e7,2024-09-13 07:57:54,Cheque,7246,AUD
958fb586-95f3-4520-8e8b-ada64a837ded,28857508-461c-468f-9a89-040279ad930d,c59b1ff1-e5f1-4589-8360-e7f9d9a7a508,2024-05-27 19:36:23,Cheque,1255,AUD
958fb586-95f3-4520-8e8b-ada64a837ded,67f7717d-9b1e-4ebf-ae1c-fa57716aea70,3e60091c-6337-490a-96b3-875dffe2d26f,2024-06-17 16:36:23,ACH,1134,AUD
958fb586-95f3-4520-8e8b-ada64a837ded,b7055590-5c68-4447-a39c-1616586f92ac,aa4df87d-b679-4b7b-9ba7-8fbfdba03712,2024-06-29 19:36:23,Paypal,1973,AUD
7f917260-dc4f-4f99-97eb-25451e9eb373,d293f333-1ff9-44b9-8081-0f8e133a1160,3cebc47e-ebc2-4d46-af76-1c9926653463,2025-01-16 09:26:11,Credit Card,358,USD
7f917260-dc4f-4f99-97eb-25451e9eb373,22d461d5-2780-4806-aac6-5a86da760644,7ae747a5-e9a0-494d-a2a7-365a877dc305,2025-01-19 20:26:11,Cash,9339,USD
7f917260-dc4f-4f99-97eb-25451e9eb373,523f1369-c93d-4732-a090-7a3ea3309a17,943c0578-4c34-4d47-9dc6-6a16caab4e78,2025-02-03 16:26:11,Paypal,2944,USD
28a4b09a-4ac7-49bc-b4f9-35f26122dfa2,ecc1fea1-f873-46c5-beb1-27b6ad779a30,43a3bac3-308b-4cc6-8593-b9bbf2f4ad9a,2024-09-17 04:12:30,Cash,4916,CAD
28a4b09a-4ac7-49bc-b4f9-35f26122dfa2,62751d65-9ebe-4e12-bce3-00e0880f191f,da2691a8-24b4-4deb-acb1-c2477ecbdf40,2024-10-05 14:12:30,Cheque,8250,CAD
28a4b09a-4ac7-49bc-b4f9-35f26122dfa2,ec640d16-6805-47e3-a472-7979d1c3f8d6,940cd634-fe97-41bf-954a-0cbd318cd90f,2024-10-17 07:12:30,Cheque,2454,CAD
cf35afc1-b48c-493a-86a7-8d2e29ffd67d,ed2cebba-0866-4289-bb90-e40051a7b4fc,ab9c36b0-3c5d-4fd2-ad2a-ff1c286e5092,2025-02-14 04:53:48,Cash,9874,USD
cf35afc1-b48c-493a-86a7-8d2e29ffd67d,40384254-3ab8-4202-90ed-c26961cb2be6,e01baa11-0a5a-41b5-abf5-2d217ae75722,2025-03-25 05:53:48,Paypal,683,USD
cf35afc1-b48c-493a-86a7-8d2e29ffd67d,767364ec-cc99-403c-b969-19eb5ea07fa9,758d754e-9b17-4fac-83f9-a2d8fd96a315,2025-03-30 22:53:48,ACH,7495,USD
cf35afc1-b48c-493a-86a7-8d2e29ffd67d,112ce50e-2cce-467d-b6e3-e42004d13775,32e7ed1b-f4ca-44f4-b5d6-24a1b6af95f3,2025-04-02 15:53:48,Cheque,629,USD
8cda22b2-76a1-466c-8a6f-8952c2c82344,d95daf63-c3a3-4791-8c80-d4f4921d20a5,1cf1cb7c-04be-49ce-a484-4127c76cf769,2024-05-14 22:42:40,Paypal,4437,AUD
8cda22b2-76a1-466c-8a6f-8952c2c82344,39107bfe-f8ec-4851-9a5e-ab8d0f1960af,11cd7495-bf13-423a-bad8-08379f69a34b,2024-06-04 15:42:40,ACH,6979,AUD
8cda22b2-76a1-466c-8a6f-8952c2c82344,52780d98-97ea-463a-bc9d-6fe3aa10bd5a,1c09fe4d-edcc-4c6d-b954-a9a143b99e94,2024-06-24 07:42:40,Cheque,9788,AUD
95640eb9-9b9c-48e5-900a-b5c8a2a7ace5,88f211fc-3ede-423b-880c-5adb90845146,5c8468cd-ddb4-4324-8d96-94bba082d5e4,2024-10-12 03:29:34,Credit Card,1137,GBP
d13759bd-fafe-4a4a-a868-f115bd2bd302,dff0c6f9-ef39-4551-81e9-d358707b6e92,edad3a3c-d12b-467e-ae7c-f1960f4d78fc,2024-12-04 19:58:01,Credit Card,7375,CAD
d13759bd-fafe-4a4a-a868-f115bd2bd302,ebed2336-79b7-4523-ac41-823160342140,5673630d-ce0f-4e74-b43f-c7370925c267,2024-12-08 02:58:01,Paypal,3456,CAD
d13759bd-fafe-4a4a-a868-f115bd2bd302,3b702752-0613-4edf-b870-ad023151f80e,4b8ebf7e-c812-4078-ba4e-cd9e442e9b0d,2024-12-21 08:58:01,ACH,6763,CAD
d13759bd-fafe-4a4a-a868-f115bd2bd302,2b0538e5-f235-44b6-a8c0-bc01ea1b1574,83d7ad19-8c61-4e6e-8b17-e063717bcbcc,2025-01-08 04:58:01,Credit Card,7529,CAD
c1aaac1e-b0ff-4695-861a-7580d712f83f,76569bec-984e-4920-813a-ad5531ea115f,1c0990d5-3192-443f-b434-ea0ea2974ac0,2024-10-25 02:08:15,Paypal,6153,AUD
c1aaac1e-b0ff-4695-861a-7580d712f83f,8eee485d-4561-40e4-8dcf-c35f542c4e20,73a0a080-0a0a-4651-a53c-f642bdab52fc,2024-11-01 02:08:15,Paypal,2767,AUD
c1aaac1e-b0ff-4695-861a-7580d712f83f,12bc8d26-adcd-4ec6-bd08-a1577aa19e5b,9201f88d-3810-4801-adf4-57c0aecc8ae9,2024-11-04 01:08:15,Credit Card,3069,AUD
2a70af0a-4bf6-41c8-9023-b07715a23579,a9d14a46-4fc2-405f-a966-4b66177d0545,a8af9ff1-d911-43ac-a105-e0ca7ebf1d85,2024-12-28 02:52:18,Paypal,9193,CAD
2a70af0a-4bf6-41c8-9023-b07715a23579,f4479762-df8b-49f7-92dc-2d6f8a39894e,b0f91fd2-67bf-4d6e-8610-b452db3d8e08,2025-01-28 09:52:18,Cash,3328,CAD
f5231158-15cd-4b17-96e8-a2a10ac45873,b9a6fb8d-d733-4bb2-ba61-271b13926646,917c8a48-750b-46e5-b038-e6fc9a823ca2,2024-10-05 07:43:51,Paypal,2847,USD
7b1302e2-846a-49dd-8c21-00d83c468dfb,5066c141-3c7b-4f06-8483-6e69ce7ba056,5f6241eb-a34f-41fc-8026-e49ced6db246,2024-12-06 10:52:58,Cash,9478,USD
7b1302e2-846a-49dd-8c21-00d83c468dfb,a0f5fabb-5ccd-4efe-8b55-7c74ce07f621,e901d3a1-dbd7-43b5-b925-85c06ab6fd4b,2024-12-24 06:52:58,Cash,1054,USD
7b1302e2-846a-49dd-8c21-00d83c468dfb,9b2e281c-3644-4664-853e-7839dcd17a7c,bf0bd518-da08-4eba-873b-f4688feb622b,2025-01-04 18:52:58,Credit Card,4444,USD
3b55f444-b116-4d84-822a-25c0abd9ad44,7befd6a7-6b4e-4328-adae-0867ea16281b,2ea8f285-13ae-46bb-9da6-3f69fb2107e0,2025-02-27 11:32:41,Paypal,9398,GBP
3b55f444-b116-4d84-822a-25c0abd9ad44,6c8cab22-5642-4951-a57f-1c51de16b7ab,4c67d310-ec39-42a9-879a-a98afc3e96fa,2025-04-17 02:32:41,Cheque,1152,GBP
e2a351c5-ef7d-4100-937a-8cf3c67bfe31,b84dfa2e-287c-4c09-b7a3-7883b4c8c488,7b439210-8c9a-4257-a2aa-fa3d53019da9,2024-12-29 01:02:39,Credit Card,9249,USD
e2a351c5-ef7d-4100-937a-8cf3c67bfe31,bf78a491-b2a9-4161-b46f-bd85c9e8b955,6fba7205-7c81-4cc7-abfe-f2ac537b27b8,2025-01-09 13:02:39,Credit Card,8895,USD
a4f34fa2-3cc7-4e67-90d1-c677e5c84828,a437cb94-b605-4a5f-9d43-307781402c50,57c79065-850b-4bf2-9cf1-9d1fa8433f63,2024-07-19 19:11:41,Cheque,8039,USD
a4f34fa2-3cc7-4e67-90d1-c677e5c84828,672fe156-c548-44bc-9512-b90990ab13f3,b606403d-577d-4118-947b-a83ee7827f1b,2024-08-12 15:11:41,Cash,1819,USD
a4f34fa2-3cc7-4e67-90d1-c677e5c84828,1e22e0f7-bb12-4b4d-b85e-28310acd7a93,bc96ecc4-6868-40ab-97b4-18f2a90f0438,2024-09-03 05:11:41,Credit Card,746,USD
a4f34fa2-3cc7-4e67-90d1-c677e5c84828,359e107f-eaf2-48e6-8ac7-4a4b1d150b8c,42ebed29-8cbe-4bb8-a685-27baa04828af,2024-10-03 20:11:41,Cash,999,USD
8b52b62e-dfb9-4ae6-a2ed-3f195c5927f8,adff3995-fafc-43bb-8849-04dd046e8459,f2c48ff5-9231-43a5-b855-a4e99d2dc112,2024-06-27 12:12:42,Paypal,8672,AUD
8b52b62e-dfb9-4ae6-a2ed-3f195c5927f8,59356059-7dc0-431b-ac4f-f855054bc223,cdda6dca-32bb-4ff1-91f1-9c3026e32867,2024-07-11 06:12:42,ACH,7854,AUD
8b52b62e-dfb9-4ae6-a2ed-3f195c5927f8,36eabb9f-5687-4d15-915d-b3a061101a57,eb2fe98e-b807-478c-b4bd-a133323101db,2024-07-31 10:12:42,Cash,2940,AUD
e167a0cd-f2d0-4e79-b751-1f5350fec32c,2d6bcd57-f30e-4b76-a567-6a39dc79f85a,fa50eecf-4a83-4f05-bedd-d937b8994a60,2024-06-04 04:50:15,Cash,9895,CAD
e167a0cd-f2d0-4e79-b751-1f5350fec32c,f56fe582-c0bc-4898-b51b-f9babb347c56,0e34252f-e383-41d9-aca4-c90311f1aefd,2024-06-20 08:50:15,Cheque,2345,CAD
4f9615b0-0dc5-4caf-ac3d-b3c940e7e74e,45dfaf84-8102-4a9f-87e4-1e1ab4f8695a,3034559c-f8d3-4877-a1da-7eb6fb7d6ef2,2024-08-21 23:41:45,Paypal,4547,USD
4f9615b0-0dc5-4caf-ac3d-b3c940e7e74e,ea0df24d-2d76-4938-af2c-dc9917ebaac6,d122236c-ce52-4420-b5ac-196f3de3be11,2024-09-01 23:41:45,Paypal,7613,USD
4f9615b0-0dc5-4caf-ac3d-b3c940e7e74e,f661f142-c280-49e6-a35c-ae3a3ed2b2a9,e2bfb412-7f83-41d9-bb5b-f1575a7947fd,2024-09-11 05:41:45,Paypal,1898,USD
4f9615b0-0dc5-4caf-ac3d-b3c940e7e74e,9cfd5d0b-c84c-4e4b-b23a-940eb456c764,d3b34298-62e1-4f3d-8acc-fbb6bc387526,2024-09-14 15:41:45,Cash,8450,USD
9757e7a6-4e84-4b04-8fb5-33bb5a924f1b,24f8218d-0df4-465f-871a-ad2b702b9066,03091e14-ab27-4a54-ab96-8f3afd72759c,2024-08-06 12:30:10,Cheque,9172,USD
6c360813-f686-4433-989c-0e01ba55fab9,227cbed0-074e-4ebb-866f-61d831a34002,98baaac7-1d36-4129-99a5-e1c4d37a8269,2024-09-13 09:04:24,Cash,2891,AUD
6c360813-f686-4433-989c-0e01ba55fab9,b312d420-d4d2-4562-9681-075b45c25287,c2de06d8-6291-48fa-9716-536786150c94,2024-10-01 21:04:24,Credit Card,815,AUD
48c7ae96-5100-4f18-a793-8f226b3e1178,04ba6d08-22bb-4b32-a660-aea923c33535,cd73e11f-8240-4925-81a3-cc837d3bdaa9,2024-08-02 15:06:00,Credit Card,7972,AUD
48c7ae96-5100-4f18-a793-8f226b3e1178,ffd71f8a-c37a-43a6-91ec-0a3deb6b87e0,fca0c5e4-a39e-4694-b119-9f600b7a7a6b,2024-09-03 02:06:00,Credit Card,4821,AUD
07b64ef2-5424-4875-932d-f2a67c68bb41,52acf25d-6c23-4681-bb9c-579f045bf301,61b08cde-6f38-4370-8d82-71228b5eea4c,2024-06-24 22:44:55,ACH,9859,GBP
a5354e30-9672-4bd6-bcff-8d24d42eb5bf,4b15db26-4c9c-486a-8e8d-f65d18c27eee,58a232b0-5661-40b8-a329-545178f309ea,2024-09-23 14:52:06,Credit Card,1598,USD
a5354e30-9672-4bd6-bcff-8d24d42eb5bf,1da89618-7e23-4905-8cf1-50d103f65463,cab883ea-eb2e-4ecd-8052-941d765989a1,2024-10-13 11:52:06,ACH,2733,USD
a5354e30-9672-4bd6-bcff-8d24d42eb5bf,f1bdfefe-7b03-4353-a237-fcc551c18773,fed599f2-f644-4aee-ab2a-19eed55684c8,2024-10-14 22:52:06,Cheque,1611,USD
a5354e30-9672-4bd6-bcff-8d24d42eb5bf,01bc091a-7aba-43d6-9809-72fcc9a7742e,26ed8773-6a1f-4df2-99ef-c2453f6b6c0d,2024-10-18 19:52:06,Paypal,2883,USD
a5354e30-9672-4bd6-bcff-8d24d42eb5bf,a6d0c7ee-5656-47d9-889e-83db76501e1e,b0f96910-c7a9-422c-b1df-63101d346a65,2024-11-10 13:52:06,ACH,8469,USD
30a494d7-17ba-4465-ba8d-0a4e53692af4,2e3748ee-2604-4694-8896-365802227be7,8e6f8d32-a6d0-4fd5-a9ea-37d3a78ff4b3,2024-11-21 07:20:10,Cash,1776,CAD
e3b21618-9dee-482f-8f2b-7635e2de0dff,32dd5cb2-12da-448b-a006-47163107d893,e7152960-3390-4415-b1af-d1d02c45a541,2024-06-18 01:06:17,Credit Card,4127,AUD
a7abb764-4846-46f1-a678-fb472cc7f78b,295fa1fc-ce09-42fd-9243-a6b26eb4c42e,62f50cdd-348b-4b84-8da0-df0888feaaf3,2024-09-06 14:19:58,ACH,7541,AUD
a7abb764-4846-46f1-a678-fb472cc7f78b,3b495d29-b320-421d-a246-faeda82e02e1,8c56bf65-9cc3-4095-af5b-eb516bdf43e2,2024-09-08 00:19:58,Paypal,6149,AUD
ce1849ba-040b-436b-ad2d-3d838ac060bd,39874f28-6aad-4f56-9e05-6072cae084d2,edeec77f-e7cb-467c-8723-2d91e35474f7,2024-06-01 13:35:29,Cash,8465,AUD
ce1849ba-040b-436b-ad2d-3d838ac060bd,3ae234e6-8d4f-40ac-bc75-bf533e348e69,c71d1c7a-9de5-4d2f-95a2-47d10aae9f5e,2024-07-08 02:35:29,Cash,8319,AUD
ce1849ba-040b-436b-ad2d-3d838ac060bd,dde490d0-15ed-4248-b4ae-340cd0362d83,378c7594-82df-4073-8db2-9325a9941625,2024-08-04 12:35:29,Credit Card,6078,AUD
7c922e58-0a0c-452d-b53e-d75ec7527932,6a7d31df-e4de-4462-8d4f-015676752693,6f593ff8-8d5a-46bb-88f3-0289232ba8d8,2024-10-27 10:03:47,Cheque,3754,GBP
65cc6f67-49e0-4d39-b4d5-efc7ea8f1f9c,92074c5b-2ceb-461b-af94-811c7c0304ac,d6082354-d531-4022-a98c-b5d65d414707,2024-05-07 22:13:13,Cheque,4614,GBP
65cc6f67-49e0-4d39-b4d5-efc7ea8f1f9c,7c2a6a2d-148c-488a-963b-948ef4a3dcc9,c95b5e44-72ec-4ba7-a294-95d27dc18e04,2024-06-05 22:13:13,Cash,4937,GBP
65cc6f67-49e0-4d39-b4d5-efc7ea8f1f9c,350bbd7f-e531-4859-8622-0d4e6108c546,93e33f07-eb7b-4bd9-a742-ebdcc6f51ea5,2024-07-04 13:13:13,Cash,4416,GBP
4727415e-697b-45b6-b5cd-8bbd0a68e7f4,afbe36d6-0b56-4db9-8c98-b4c8077f805a,1f0f9286-e173-46d6-900d-e6f3e911bb91,2024-12-19 03:30:55,Cash,3373,USD
4727415e-697b-45b6-b5cd-8bbd0a68e7f4,a4a8a1f7-34e1-4f08-9670-8d948907ea72,814b79ae-01a4-4c5d-bade-97622251160d,2025-01-04 14:30:55,Paypal,6446,USD
545c0282-6786-4f44-a4ee-f1cb234eb527,ba5a75f3-112c-452c-a994-75816aa6bb8e,d147015b-d62f-4df6-9e7f-d94663136e3f,2024-12-12 06:47:56,Credit Card,1980,CAD
54983639-2107-4267-aeaa-9de8676c7bb1,4c545cdc-6721-49c4-aa9d-57a460fdf026,a21dd3bd-9b67-4f97-8f1e-7166f0290e42,2025-02-07 09:37:26,ACH,7426,USD
42ce162c-e571-4eda-82d3-c9e4367de93a,e78cd1f1-eca6-4103-98ef-0f2f76ef5c4b,1bef19cc-eca4-4569-b4a3-b45048c67c3d,2025-03-18 20:23:06,ACH,389,AUD
42ce162c-e571-4eda-82d3-c9e4367de93a,4a32d2af-2509-4dd5-8e32-2a76095907a5,44652ac3-b4cc-4409-b5ac-a8d875262970,2025-04-12 11:23:06,Cheque,8899,AUD
42ce162c-e571-4eda-82d3-c9e4367de93a,7957453b-3144-4139-8bc5-2282724f269d,1c458957-7d83-4779-a2da-abca19defec5,2025-05-09 15:23:06,Paypal,5154,AUD
42ce162c-e571-4eda-82d3-c9e4367de93a,d5528781-c73d-4cb5-b5f8-5868d972dead,c4f45c85-66fe-436a-991e-5852dd902c79,2025-06-04 04:23:06,Paypal,7581,AUD
bb35b5e6-8e18-40be-9e51-956861e40e1e,8e636f26-7a82-4670-baf6-f9495fb2e648,3eef38be-47b9-4e8c-b543-131b24dc491a,2025-02-09 11:28:06,Credit Card,6423,AUD
bb35b5e6-8e18-40be-9e51-956861e40e1e,1908c748-4452-44e0-a4e1-ae88597e0522,6df6f68e-b668-4fec-a450-f3589414dabb,2025-03-15 05:28:06,Credit Card,6656,AUD
831d2c2b-9549-440b-bfbe-dc9d62c603ee,9994e858-4f19-4f30-bcb3-de35346f4028,015db644-2fd9-4309-b9ad-044efb15d014,2024-09-21 11:04:20,Paypal,1289,USD
831d2c2b-9549-440b-bfbe-dc9d62c603ee,e11faf90-ff4c-4bbe-87e5-9f5807fc8ef9,cae1574d-77c4-457d-8f22-bc06ef9126ea,2024-10-10 05:04:20,Cash,5781,USD
c0ed5ab2-ad7f-4f57-b21b-b3603f48ca8c,35f9d763-d13f-47db-89eb-6af4351a25fe,f20776c3-7699-4f89-a0cd-78365fc9002f,2024-08-03 22:09:20,Credit Card,4757,GBP
c0ed5ab2-ad7f-4f57-b21b-b3603f48ca8c,b6e1a66e-2dba-4f19-ae6d-677a6439a72c,95b2191d-fa07-4d2f-9a97-1067845830ee,2024-09-01 07:09:20,Paypal,604,GBP
c0ed5ab2-ad7f-4f57-b21b-b3603f48ca8c,82db1d8b-0f2f-496a-bbd9-8106e67d069e,4d21a5c9-0dd0-4acf-b98c-66134affd196,2024-09-21 21:09:20,Credit Card,5379,GBP
c46474df-5d6e-4e01-a4e3-81c6a7181f33,95af756b-8924-4e1c-8be9-0624126e0539,7ba4483b-9c5b-4932-955b-b70a32f99624,2024-09-05 06:53:13,Paypal,3152,CAD
e99b7f0e-ff96-4739-9059-2763177d32f0,340143c3-8488-4ecd-97e6-9aa0d6f509c3,d8776c06-1c05-4b6b-ab79-95870c122b52,2024-04-21 14:58:08,Paypal,4705,AUD
3e47a241-1dc8-4707-9647-ed5f0b645596,961ad8e4-bb43-4a32-b80f-29da2b2aa142,9ab750a1-23fb-4683-a225-405e704b9d2f,2024-07-07 12:50:01,Cash,266,USD
3e47a241-1dc8-4707-9647-ed5f0b645596,bcef741b-cba8-4dbb-82eb-b2491b9de94a,b2d7fa14-d274-4848-8758-4b5194aaae09,2024-08-16 23:50:01,Paypal,7701,USD
28862ebb-f2f5-4674-8f9b-a54f7e7bf436,1170e38a-2ccd-4688-b1eb-63b60f7543f4,702c105a-73ac-427a-9742-2ebecb763dde,2024-05-20 11:01:31,Cash,3254,USD
d96a7f80-bfec-4a0c-bbbf-0dfbf98f6a6b,a351c6dd-f07c-4a98-b9a3-0651d179b7c2,488f2f8e-3fb5-46b5-91d2-b991e62b0e3b,2024-12-01 10:26:48,Credit Card,7476,USD
d96a7f80-bfec-4a0c-bbbf-0dfbf98f6a6b,5051a6ca-250c-4003-b550-6fa19d99fce9,e89c41f6-3102-49b8-9c4a-5af6a11b1fee,2024-12-10 01:26:48,Cheque,9413,USD
4e070720-4602-4082-83cb-94594e253866,7454fab7-7ed4-434d-b504-97e1ea45bc3e,84859c7d-fc4e-49c0-b548-735205fcb36c,2024-04-20 18:44:39,Cash,4213,CAD
4e070720-4602-4082-83cb-94594e253866,9f7b6822-eeaa-4c6c-b1e2-c725cf52eb56,28b63988-89c1-43e9-b188-9ebe35c115c1,2024-05-18 18:44:39,Paypal,4798,CAD
4e070720-4602-4082-83cb-94594e253866,b58df0ab-d442-46af-acdc-17bca07d6d30,bd9587f6-0417-40b1-874e-7d56a4e097fb,2024-06-03 08:44:39,Cash,9378,CAD
4e070720-4602-4082-83cb-94594e253866,eaa9c853-3f85-4a4e-8c42-b225532122ec,3459bfe8-8519-4e28-aa1e-83a564ee15c9,2024-06-12 01:44:39,Credit Card,7825,CAD
f7851543-eda9-45fa-9e3b-de3b0805de23,51b7d1f4-c777-4fee-bdcc-9b42191e66f3,c2ced28d-6653-4fc6-b134-fdfe44da61e8,2024-05-23 08:41:18,Cheque,6829,USD
f7851543-eda9-45fa-9e3b-de3b0805de23,64e71f96-c14b-4cde-a543-2bf5a989192c,a67c6b0b-7c9d-481b-bad0-d8a7fab7c33f,2024-06-19 13:41:18,Cash,5131,USD
f7851543-eda9-45fa-9e3b-de3b0805de23,c3a90093-909a-4cd6-b4e7-2345407beb66,f38d8b63-1518-46ff-94cf-9c884fbb3382,2024-06-21 03:41:18,Cheque,6733,USD
6a026b0e-cf37-4734-9521-a4770de751ca,9a17087a-1a14-413a-9491-6ba40cefc268,7bbbfd53-5bda-45d8-8be8-66377fd8d83f,2024-05-06 07:05:40,ACH,8568,USD
6a026b0e-cf37-4734-9521-a4770de751ca,9335c8e7-b41d-4848-a160-7a65c1fb17e7,82c0c665-7062-4c90-a6dc-6ff33f40315b,2024-05-24 21:05:40,Cheque,1945,USD
6a026b0e-cf37-4734-9521-a4770de751ca,d8bde09a-aec7-4adc-9f9b-9fbf267cb022,1f202509-e4b3-4bc6-9b09-fdffdbcde91b,2024-06-24 21:05:40,Cash,2785,USD
6a026b0e-cf37-4734-9521-a4770de751ca,7b96f5ee-1cd4-484c-a7f0-bd2aeb1744fe,4a8656d1-a7b9-4d66-a8c9-94c6d48b8326,2024-07-14 20:05:40,ACH,8426,USD
3ad44c9a-2007-436a-b23e-ded23d77f898,89dc72bd-a98b-48d4-b9c9-98d81ab50512,15562d71-3cde-48b0-a894-e20f3e6e7d33,2024-08-14 05:35:50,Cash,9714,AUD
3ad44c9a-2007-436a-b23e-ded23d77f898,edc6d4cf-82e5-424b-8cf4-6c95317b9a5c,187c91bc-9897-4a17-b7e5-cb37b33408cf,2024-09-05 00:35:50,ACH,8957,AUD
3ad44c9a-2007-436a-b23e-ded23d77f898,cc584be9-ce4b-4c52-8f49-c8ae4ec6ccaf,5bb658b7-f477-477d-8c82-b70c7125b4ad,2024-09-12 16:35:50,Paypal,6195,AUD
feccdb15-7aa7-40f1-b424-07e04d4e35c6,b99e4f10-6935-4373-a9e5-4ee873cf3218,1888cfb3-7d54-4047-8a56-bc6c4d192eda,2024-09-18 14:17:20,Cash,9443,GBP
dfa1bf1a-c994-40c9-b4a2-2d4448c4a49c,f2147423-b78d-4925-b439-0b27527f6d2b,7a6dafea-8332-443a-8934-eb3bc107f44d,2024-12-10 16:23:30,Paypal,9603,CAD
5be8a420-9af5-4f89-99d6-6acc1bb5a3ce,3c1c179c-ec41-4132-94ae-85fa662a30fc,e2816823-e629-4945-89d9-65e7f72ad650,2024-05-21 01:06:24,Paypal,5541,GBP
5be8a420-9af5-4f89-99d6-6acc1bb5a3ce,fa1685a8-320c-4254-ab4b-846f0cef0ffb,588db8b3-b5b1-4f61-90fc-600fcdbe2617,2024-06-14 17:06:24,ACH,2015,GBP
5be8a420-9af5-4f89-99d6-6acc1bb5a3ce,d308c908-4555-4381-986a-48fd5b426385,054d6a86-9345-42af-b78a-3a4a228793d9,2024-07-18 18:06:24,Cash,9771,GBP
5be8a420-9af5-4f89-99d6-6acc1bb5a3ce,f1aaa00d-68d7-4953-b4e0-22ba795d8618,bfe75414-6033-46fd-a519-09fb9dfc79e2,2024-08-19 16:06:24,Cheque,6691,GBP
7e98cd91-4732-4f4e-9e97-a87866bb5ac7,a339290b-e5be-41ae-92b3-0906bd7e6f43,08281fd3-6e08-464f-a315-c8084c456384,2025-02-01 22:20:28,Cash,919,GBP
7e98cd91-4732-4f4e-9e97-a87866bb5ac7,3d36a959-259d-4497-9585-181f60fa59e3,705f15fc-62a3-430a-877f-5e453268c042,2025-02-19 03:20:28,Cash,1334,GBP
c9a88178-68f8-46f1-9e21-06abf6ccb607,eec31471-20d5-47cd-b49a-16388981c527,be36f7f4-e60a-42f6-a75f-84f9108aa38f,2025-01-17 03:58:22,Cash,1685,GBP
c9a88178-68f8-46f1-9e21-06abf6ccb607,df254202-0c97-4849-805e-077ff4586477,f13b92c6-f63f-409b-9190-bde94fcddc02,2025-02-09 20:58:22,Cash,1334,GBP
c9a88178-68f8-46f1-9e21-06abf6ccb607,b401569a-b17f-48c4-a5d3-56358bc729bc,0e96a17d-9a39-4fc0-aaa7-2d5e5971e9e4,2025-02-20 02:58:22,Paypal,9139,GBP
c9a88178-68f8-46f1-9e21-06abf6ccb607,1aa28e7f-9abc-4bf3-94b8-c40df0d59114,d030b53b-f343-474b-9a55-ada166fbffbd,2025-03-13 23:58:22,Credit Card,799,GBP
7a5717aa-9655-41ca-bd04-21a46aa425f8,aaf19d58-ee89-46ff-b761-0027f5fa4506,c25967db-5d24-456a-a41e-f51fb3014756,2024-10-31 22:03:39,Paypal,2158,AUD
7a5717aa-9655-41ca-bd04-21a46aa425f8,71695367-0660-44c4-96ff-04bcd4c62731,2061d51b-c666-42b4-9dd1-a11113f60df8,2024-12-02 11:03:39,Credit Card,9751,AUD
ea2703b1-5995-4e62-bafe-b61a1050e913,69b135c8-69cb-4193-bbc1-193821fb1cbe,64a4956f-367e-4013-8a47-48528877ef02,2024-05-04 09:00:17,ACH,139,GBP
ea2703b1-5995-4e62-bafe-b61a1050e913,9d76f326-3794-46ab-9b30-53d62ed6b2dc,60445f9b-6e13-4bb0-8506-1ec742d928ec,2024-06-03 06:00:17,Credit Card,937,GBP
ea2703b1-5995-4e62-bafe-b61a1050e913,5a2d4334-7d09-4d01-bdae-f2f66c414cb3,cf1a2dd7-da06-41dd-9d07-f6baf1a1f284,2024-06-17 16:00:17,ACH,8596,GBP
ea2703b1-5995-4e62-bafe-b61a1050e913,3c6b8ed6-148f-4a2a-9026-b3e0b5e471d8,8abce7d1-a735-43d6-a9e8-b01294333204,2024-07-05 02:00:17,ACH,9643,GBP
889dd245-90a3-493c-af00-58017c5062f9,b38f9338-c496-40e7-b98a-3187d9f152de,bfd44c54-661f-4177-9d70-36067e8149f2,2025-02-15 12:31:36,Paypal,338,CAD
f9f9f43b-dc63-4718-a1c0-555128bf5d72,f976c85e-808b-4d22-b9e6-400c13677bbd,7ede0105-43f9-46c1-9aad-45bb688ab397,2024-10-14 21:14:03,Cheque,9107,CAD
debfa569-0112-4198-8f4a-2c8d357dcaa7,78d58b81-1d7b-4914-a1e9-a3cebd63d5a6,a580a991-8b17-4e30-bdcc-a9d45aaa6b19,2024-08-15 00:53:34,Cheque,1076,USD
debfa569-0112-4198-8f4a-2c8d357dcaa7,da8a209d-e0e9-4a34-87f5-7b0b523ef73e,553ff3b1-21f7-400f-941d-a43faf671e13,2024-08-23 05:53:34,Credit Card,8381,USD
7cc0ca96-c358-4ae3-8859-7e58e092dfbc,e31a0b09-e6ae-4273-a560-811d3e869b3c,2e19d9e0-dc49-4700-993b-2a906a23d8d8,2024-08-11 06:38:35,Paypal,2023,CAD
7cc0ca96-c358-4ae3-8859-7e58e092dfbc,39a5501d-79ba-4969-9932-98d56bdfaa04,c1b9d1bd-3768-4ac6-91e3-b8bf3d99528e,2024-08-23 16:38:35,Cheque,5123,CAD
440ed331-e481-4c1f-815f-686a998f847a,4a6a4c42-cea3-426b-85e6-06ac6ed78c14,e8c40130-d4f3-4f67-9afc-fd340baa7607,2024-07-04 04:38:15,Cash,2725,GBP
440ed331-e481-4c1f-815f-686a998f847a,b2b5a060-5c27-4196-8315-1d7f357fbcb9,1da45002-87ef-4585-8ff9-06297102a483,2024-07-14 22:38:15,ACH,7645,GBP
440ed331-e481-4c1f-815f-686a998f847a,3d8672d3-bb9c-4f18-a4e0-3ce5d2852e72,45a24019-4628-4312-a2c2-f6f61e8d3897,2024-08-08 00:38:15,ACH,1694,GBP
62939901-b6f8-4ce9-bc8c-191fbae55488,57b6032e-dd41-410d-8422-17a829aeb62b,f42a8135-d9f7-4436-8cd4-fccf43a83938,2024-09-17 21:18:06,Paypal,1374,GBP
62939901-b6f8-4ce9-bc8c-191fbae55488,4c76ff1a-b5a0-49d1-bc7f-869da04ddbc6,03cde3aa-7350-44a7-98f8-d6741de34ad4,2024-10-14 10:18:06,Cash,7514,GBP
62939901-b6f8-4ce9-bc8c-191fbae55488,51e8f4b7-db29-445d-824b-04f886f27f89,d403ebc1-48a6-4f4f-be63-6ddb329c812f,2024-10-28 12:18:06,Paypal,9558,GBP
f89e6bea-68b5-457f-8919-203c05cddbd9,d1542463-583e-4c95-a247-d8081966eb81,8a121d05-7630-465a-8667-d872054dfa2e,2024-10-30 22:28:12,Paypal,3680,USD
93e63f7f-d16f-43d9-ba08-b225d93aa203,be398fad-0026-4335-aa54-3a677a3fac47,9e882f1e-986d-498c-8954-3f39315cfb6c,2024-02-22 02:52:28,Paypal,1975,AUD
903a1a3e-7efe-439f-8feb-462107ab3bca,8a27543f-9e34-4282-9868-2cb0d517722d,a2d49b51-8e8a-4cfe-812a-6a05c333e4bf,2024-05-15 18:31:59,Cash,8101,USD
903a1a3e-7efe-439f-8feb-462107ab3bca,1eb9eb81-8307-495c-8890-f090eae51810,844927b6-e835-4c9e-b1db-b3cae27da220,2024-05-29 03:31:59,Credit Card,4724,USD
cceef38c-8851-483b-bcc1-df443e07cdb1,4a73b8be-abe7-42f9-99f1-d031fbd7aec6,08126263-eb85-432e-9980-3ed9084bd470,2024-05-20 13:07:30,Cash,6021,USD
cceef38c-8851-483b-bcc1-df443e07cdb1,8492f5d7-4652-4a0c-8e30-c96d6c6f0e41,fe3bd6fd-5ad1-4ffd-8b5c-0d1d07a01f25,2024-06-06 17:07:30,Paypal,612,USD
8036b762-f746-483a-8edb-19e501de3967,f1de8a2c-26ff-4e98-8355-b565dd55f870,4f4ee405-5a4b-4c0e-833b-f32ef79bd40a,2024-10-01 03:11:43,Cheque,2833,CAD
8036b762-f746-483a-8edb-19e501de3967,f099595b-ce76-44e0-b82f-e4d3e86b341c,2cd2acfa-f5af-479d-80a8-3860eacd327b,2024-10-16 19:11:43,Credit Card,7869,CAD
8036b762-f746-483a-8edb-19e501de3967,17ba4787-a4ec-4ccb-ab32-a057f8782699,11e688b0-e516-411c-9721-0f41d04cabb6,2024-10-23 07:11:43,Paypal,2424,CAD
02eae8f3-6a6e-47e1-b1af-bad3bdac0c7c,90859740-dce0-40c3-9b37-fa6494a52cfb,2c8b9fe3-feeb-498b-9eda-c0ba157dafef,2024-04-07 07:48:41,Paypal,258,AUD
02eae8f3-6a6e-47e1-b1af-bad3bdac0c7c,04c9d770-5eda-4b23-8ff3-41307fe6c209,d9ed1904-27a2-4214-acf0-091889ccbf6a,2024-05-01 19:48:41,Credit Card,7364,AUD
7c338c61-52e0-484e-9a19-250cd1e7facc,a29f78a6-a42f-470a-b2ea-deffca0b4b3d,f34fad1f-f001-49c4-9717-9bf5ea2edd87,2024-06-23 16:11:26,Credit Card,3980,GBP
c34d911a-2ed8-4637-ae36-4126228f7b82,a4280e19-7ca4-4197-8e3a-8e6a7ad0bbe5,e7d1de86-383c-4feb-8aee-9124508ae2f7,2024-10-29 04:45:25,Credit Card,4138,GBP
c34d911a-2ed8-4637-ae36-4126228f7b82,e4f8afcd-7085-4c29-976f-a66145eb3ebd,683bdaa2-a10d-473c-8211-d2905b2fa9f2,2024-10-31 00:45:25,Cash,3827,GBP
36cd11d6-daf0-432f-862a-d7ed38fc8219,1203d26e-21ee-42ba-9379-755d05c93aec,e107ec88-822e-40d0-af25-f73c10faefbd,2024-06-27 01:45:38,ACH,2645,AUD
36cd11d6-daf0-432f-862a-d7ed38fc8219,d5d58900-9ba0-4979-b7ef-c503a25f992e,a532381c-3de6-4ac4-b26e-bd2e3e186d0e,2024-07-04 00:45:38,Credit Card,5501,AUD
36cd11d6-daf0-432f-862a-d7ed38fc8219,7b45286b-7cfe-4f7e-bc62-fc15285dde1f,d3bab469-fa47-43e8-b44b-9dbd57980c2b,2024-07-12 06:45:38,Paypal,1794,AUD
36cd11d6-daf0-432f-862a-d7ed38fc8219,72b653c4-4672-4b85-beb5-5b7bc0263976,dd5e62c5-5eb9-4a4d-b576-fa55cae754ad,2024-07-24 18:45:38,ACH,2416,AUD
36cd11d6-daf0-432f-862a-d7ed38fc8219,feb0d380-b573-489e-b739-17f4aa92da35,b1114448-84a4-4289-aba0-59a672ae209b,2024-08-02 19:45:38,ACH,4490,AUD
075fc665-2350-46c7-a449-5d11d88163df,65c3783c-0bcb-49ac-bc5e-96d2fe314df8,7f8d3bb6-fd79-457b-aff3-2bd056ebfc0b,2024-12-31 10:49:52,Cheque,9366,USD
3f8060e6-94d9-48b9-8747-ddca5e3b619c,ac99371d-5d71-4593-b0c3-0a0ec2028429,a60450d3-d2a5-4870-8da5-f14612ced829,2024-05-22 15:53:00,ACH,4748,GBP
3f8060e6-94d9-48b9-8747-ddca5e3b619c,bc8ece19-ac78-452b-9e92-c0c4735930cf,6847db35-8492-4a10-becd-777a3b1f1af6,2024-06-05 14:53:00,Cash,4746,GBP
3f8060e6-94d9-48b9-8747-ddca5e3b619c,06d074b7-8624-4b3c-a732-17121cd56d23,3756d578-313b-4751-9f65-1db3f4c47385,2024-06-07 08:53:00,ACH,1997,GBP
a554f17a-9841-4881-b1e9-9ca3ff7ab7a9,f171da53-e04b-4417-90aa-5aa97a187cc2,29056c2a-c8a0-4477-8e9b-6a6b52c01ad8,2024-12-21 14:27:36,Cheque,6667,AUD
a554f17a-9841-4881-b1e9-9ca3ff7ab7a9,0a1b2f60-76b3-4821-8f6c-5bd5c0ee2ad5,53a09974-ddb0-4068-be51-5609889c6ddb,2025-01-13 23:27:36,Paypal,1356,AUD
ef53b245-3e7c-4e27-b6cc-de59dbf444cf,213a881c-58cd-415d-ac9e-9ea9b51a2795,451d2de5-cd14-40f1-bb99-e20afa6cdbf5,2025-01-12 22:10:26,Cheque,4781,USD
ef53b245-3e7c-4e27-b6cc-de59dbf444cf,30155a8c-0555-4454-924a-d58a5c863f06,e8021dea-d65b-4cfc-b585-e72b15382381,2025-01-15 13:10:26,ACH,9321,USD
9115bc00-608c-4bf9-af98-c5bd6e3aca5e,2d799b3e-fcbe-46b8-8c55-89822c824f83,22643e5f-162c-49db-8b1e-9b5cf1396e15,2024-07-24 04:34:15,Credit Card,9753,USD
9115bc00-608c-4bf9-af98-c5bd6e3aca5e,ec478217-2c2a-4ccc-84d3-dd3c14065268,66fc685f-f6be-4509-9ebf-20bff8df5a3b,2024-08-17 00:34:15,Credit Card,4415,USD
9115bc00-608c-4bf9-af98-c5bd6e3aca5e,aaa2bd20-c81a-4f0c-84dc-4276f5000e1b,4fe9be5e-86a8-4bb3-b4df-ee2b39a6569d,2024-09-15 15:34:15,Credit Card,8381,USD
e031c22b-21f4-4f7c-bf09-cc094506a1b5,c08f5135-ac68-4f5f-8294-3d409023b7db,25b4df15-55a4-4977-a089-976d134af62f,2024-12-14 17:07:35,Cash,4550,AUD
e031c22b-21f4-4f7c-bf09-cc094506a1b5,c5647401-32fe-482c-9d3d-a873b0b6f7d5,0ed41e6e-e0fc-44dd-8155-77d127508bd1,2024-12-21 22:07:35,Cheque,2288,AUD
e031c22b-21f4-4f7c-bf09-cc094506a1b5,869b9ba1-03d3-45ba-b86d-694a076b1b84,f26b492b-28f7-438d-a1f9-c58a50579c3a,2025-01-02 07:07:35,Paypal,2708,AUD
522ba05d-5970-4b3a-a37c-254eee0dac9d,29393ab8-c628-4ad3-aa8a-46ed045014f9,462298bd-4698-4555-9941-47205a664206,2025-01-25 08:29:20,ACH,6901,AUD
522ba05d-5970-4b3a-a37c-254eee0dac9d,5990deb4-1ec5-4ec3-aac3-15d83c891795,2b1f45ed-7a67-4f62-974d-f0f8ec41f393,2025-02-06 22:29:20,ACH,1402,AUD
522ba05d-5970-4b3a-a37c-254eee0dac9d,4cab8caa-3660-4bd5-829b-0adcdfba8ee8,3ad6706a-e923-43f0-9458-a32e72b2128d,2025-02-17 05:29:20,Credit Card,2360,AUD
522ba05d-5970-4b3a-a37c-254eee0dac9d,9322b2c6-a028-4031-bcd4-b74b2cf4607c,51af58be-b0a3-4b9b-ba50-19bab3bef8b9,2025-03-04 21:29:20,ACH,5519,AUD
82fc6dff-dfb7-42ab-8971-bc695da81127,f9a991fb-937e-44e4-9ec6-050742afa9cb,0f4569f4-337a-484e-a922-e2cd47f01a2e,2024-07-08 16:24:16,Cheque,1841,GBP
82fc6dff-dfb7-42ab-8971-bc695da81127,2976b468-cf0b-4db6-8bb6-8e454620290c,b78af4b1-b51d-4845-8c8b-debab04919bf,2024-07-12 16:24:16,Paypal,779,GBP
82fc6dff-dfb7-42ab-8971-bc695da81127,882733bc-fe4e-427a-b740-24ac48333660,e70dbb25-2aaf-43dc-8a11-fa9d99126c24,2024-08-02 17:24:16,ACH,9841,GBP
69b63243-5aec-474e-8b05-5ca5f938b35d,8eb75ba5-91d3-455b-becd-b005dd0d228d,41e9cdee-7f7b-48ac-9969-cebdb456a76a,2024-06-06 06:26:52,Paypal,2603,USD
69b63243-5aec-474e-8b05-5ca5f938b35d,e5dea0b4-6068-437c-b025-3234259982b9,c951b6e3-245b-42b6-a586-d759a6456c8c,2024-06-09 14:26:52,Cheque,8457,USD
69b63243-5aec-474e-8b05-5ca5f938b35d,21345d71-6287-4102-8e2d-8eb863627a29,43ba9dfc-481f-4212-a6ac-c98a4d3cdab3,2024-07-05 05:26:52,Cash,643,USD
69b63243-5aec-474e-8b05-5ca5f938b35d,8219a72d-8342-4858-8faa-e02fd145c076,aa3d5b31-0b40-4157-950f-56dae487b197,2024-07-23 16:26:52,Paypal,9996,USD
69b63243-5aec-474e-8b05-5ca5f938b35d,6d5471c9-c821-4fa8-b236-664d1bb9ab31,bc92baae-b20f-489c-ae04-77386cfc064f,2024-08-10 19:26:52,Cash,2168,USD
7e6086a6-b3cf-423b-8f42-b471b9fca473,2a035ab2-8960-4eaf-92b5-959d3571b0db,53c4edd9-2858-4e8b-ba1b-77b13c8f1067,2024-07-14 04:13:30,Cheque,258,GBP
7e6086a6-b3cf-423b-8f42-b471b9fca473,631aff93-ac69-4f14-a0cf-c44029abfb46,e92a24c0-2f66-4ad2-a9a4-e61023d5caa0,2024-08-11 00:13:30,Cheque,1009,GBP
3c37ea49-97a9-42c1-98d0-984637c1f82e,02721258-c9a1-455f-ba6f-70a2f6477872,6eb97354-17be-4c10-97ff-96d281582ec9,2024-10-25 06:25:22,Cheque,6306,USD
3fa33217-87db-49e7-b6ec-724c53efda91,bcd2a469-b53d-486f-8f9a-0e437e695ef3,a4ccf5fc-90bb-46c0-8689-202c2543567a,2024-12-25 01:00:02,Cash,764,GBP
bdcabea4-603d-427c-a959-24aded0aa84c,aae93b81-5f83-4f6b-8e9b-8ccc3d294345,3f7ded1a-f694-436d-a022-0a69309b189b,2024-06-20 15:54:34,Cheque,8501,CAD
bdcabea4-603d-427c-a959-24aded0aa84c,92081b4e-79f6-4a7d-9dbd-9e2c41b5b8b9,eefb959f-1fdf-48df-ac28-5daca2bcca63,2024-07-14 10:54:34,ACH,4896,CAD
bdcabea4-603d-427c-a959-24aded0aa84c,eb577709-501d-4481-8cf6-11eda8c7081f,7f4f05df-4a37-44ec-9c8e-f8cf05f9d5e1,2024-08-07 12:54:34,ACH,7093,CAD
bdcabea4-603d-427c-a959-24aded0aa84c,812b16e9-174e-4eb5-a558-311e5ad2e8bf,664baac6-6e58-475b-abad-92cbca42ed8d,2024-08-14 18:54:34,ACH,1532,CAD
1a9491df-1474-419d-9260-712a5cc72088,935b3160-f5a7-49a1-b048-98ce73c3ba5f,5a199ad8-6518-4419-b7b4-4a5c1f6cddb9,2024-10-31 00:46:15,Paypal,2285,AUD
1a9491df-1474-419d-9260-712a5cc72088,0e3208c2-2d69-40fb-b3db-6b134d814f3c,14dd3515-a9f8-4763-9c68-54264828fbca,2024-11-13 00:46:15,ACH,2788,AUD
1a9491df-1474-419d-9260-712a5cc72088,24c3cd53-a8c8-4d69-9ade-0422f46b242c,cd7b0b5f-abf3-4b81-8d24-d47f684950f8,2024-12-04 13:46:15,Cash,9524,AUD
1a9491df-1474-419d-9260-712a5cc72088,469fa29b-fbfa-42d1-b204-33bd254a4296,ded33d73-d3c3-402c-b877-3693c9c363d4,2024-12-20 20:46:15,Cheque,5867,AUD
1a9491df-1474-419d-9260-712a5cc72088,4e39ad16-39a6-4222-8a18-d4c0f42f5c82,3a6041d9-c744-4576-9927-78fc65562fb9,2025-01-11 18:46:15,Credit Card,2906,AUD
fb8d97b0-bbbc-465a-94ad-727366c1cad8,8dcc4572-b95d-48d8-ab1d-f46884e867cc,0f521634-c780-486f-80f3-8fba0b38ab7c,2024-07-30 21:22:39,ACH,9971,CAD
fb8d97b0-bbbc-465a-94ad-727366c1cad8,74799525-b070-4c43-a0b8-fee3fcfbc8ae,17fe472a-4166-45ed-8b5b-a5f01f5ed88d,2024-08-17 21:22:39,Cash,6490,CAD
fb8d97b0-bbbc-465a-94ad-727366c1cad8,a2442d32-790d-4d4b-ad6e-bfce7bf0d14d,16a5c047-ce0f-47f9-bb49-d72b351b16fe,2024-09-06 06:22:39,Credit Card,542,CAD
fb8d97b0-bbbc-465a-94ad-727366c1cad8,4019a256-fd72-441a-ad93-86db78578cab,ada50962-ca97-4313-9284-bfb28bfb662b,2024-09-24 03:22:39,ACH,2974,CAD
fb8d97b0-bbbc-465a-94ad-727366c1cad8,79affe1c-07f9-4afe-ba54-a036c4972019,333cabec-9bd5-4db5-8f0d-157f5f7ae48c,2024-10-23 13:22:39,Cash,6869,CAD
fb0e0e55-aecd-474a-87e2-798fdcd4ff30,764438e2-bb04-4430-90d7-a987f706ed7b,98b86d58-8a2e-44a3-88bf-7e448285b759,2025-02-18 15:28:36,Paypal,5779,GBP
fb0e0e55-aecd-474a-87e2-798fdcd4ff30,df8ffec7-c1ff-4f73-a34d-3e1a8b2f6aec,652dc538-1d40-467e-9b36-6eb57475f1f5,2025-02-24 21:28:36,Cheque,1903,GBP
fb0e0e55-aecd-474a-87e2-798fdcd4ff30,d43d5a4c-b071-42eb-89c8-685308a3ca44,f5669445-904c-4ba8-a161-107d095f4a0b,2025-02-26 15:28:36,Cheque,9846,GBP
fb0e0e55-aecd-474a-87e2-798fdcd4ff30,0a00029d-7d7b-48f5-b73f-603c16956bdd,0450b51c-ee4d-47cb-8525-bf92f93bd736,2025-03-25 08:28:36,Paypal,1892,GBP
36e574b2-90a7-4326-ab05-3c79efe2cb30,bd3501a0-f6f5-42a8-992d-a41311779825,77bef06e-1653-4978-88a4-463ef37c7c8c,2024-12-21 16:57:56,Cash,4899,GBP
36e574b2-90a7-4326-ab05-3c79efe2cb30,8403745c-b77c-492f-8457-f26e6b9d1edc,3e6db5df-6f33-4f43-b0ff-8a46a7c46a5b,2024-12-31 10:57:56,ACH,799,GBP
36e574b2-90a7-4326-ab05-3c79efe2cb30,186b04e0-b8fc-4b39-8cf1-90d1b3f65fe9,057ef94f-22ae-4d5d-a4c4-c2e964427cea,2025-01-01 09:57:56,Cash,3677,GBP
36e574b2-90a7-4326-ab05-3c79efe2cb30,ae777cb3-1987-4fe9-ab39-2da8a3799a30,42f1b894-d381-4147-9e50-c997ad12576e,2025-01-31 21:57:56,ACH,4127,GBP
3a55c8e3-2b47-40ba-acd2-7f8dde5755f6,6753ee07-d2ce-42b0-8ac7-e7d80ce16ae2,3abed7aa-0141-441e-8ef5-d38bb859b7e1,2024-04-03 19:41:47,Credit Card,6209,CAD
